"ID";"Dim1";"Dim2";"molecular_ID"
1;137,569966322926;51,6096942692923;"Prom"
1;111,412438593488;-139,684595254322;"EnhA"
1;-248,982404916419;88,0749009850175;"EnhB"
2;678,833814197737;-92,081130833752;"Prom"
2;668,758293067008;-227,222937757362;"EnhA"
2;-1347,59210726475;319,304068591114;"EnhB"
3;155,027501551078;43,0979808786807;"Prom"
3;218,144939902862;-196,983304693332;"EnhA"
3;-373,17244145394;153,885323814651;"EnhB"
4;161,13917360322;123,869435644491;"Prom"
4;55,4035523935027;-211,737462804399;"EnhA"
4;-216,542725996723;87,8680271599075;"EnhB"
5;384,597303703319;-6,66250291765331;"Prom"
5;476,493293199008;-266,612278127076;"EnhA"
5;-861,090596902327;273,274781044729;"EnhB"
6;111,857428323559;160,535823558545;"Prom"
6;164,061758394044;-349,459193342916;"EnhA"
6;-275,919186717603;188,92336978437;"EnhB"
7;167,642243203883;99,970069515341;"Prom"
7;6,10471467226685;-139,852433288978;"EnhA"
7;-173,746957876149;39,8823637736372;"EnhB"
8;264,952718964717;252,675341568183;"Prom"
8;-19,4473012348064;-349,50566229909;"EnhA"
8;-245,505417729911;96,8303207309069;"EnhB"
9;672,754027166856;31,6991142836321;"Prom"
9;288,367635175152;-162,397864902023;"EnhA"
9;-961,121662342008;130,698750618391;"EnhB"
10;150,033121010244;20,7233493490302;"Prom"
10;26,5925402676192;-31,8770213881638;"EnhA"
10;-176,625661277863;11,1536720391337;"EnhB"
11;111,810060553512;29,6171732773568;"Prom"
11;16,6990429376794;-43,8328458351121;"EnhA"
11;-128,509103491191;14,2156725577553;"EnhB"
12;351,723278087364;250,193083016265;"Prom"
12;39,3842668508987;-374,919217968676;"EnhA"
12;-391,107544938263;124,726134952411;"EnhB"
13;271,240196519661;91,282188053395;"Prom"
13;80,3497291057293;-163,958351448763;"EnhA"
13;-351,58992562539;72,6761633953683;"EnhB"
14;510,263895535477;114,955468024978;"Prom"
14;369,776665830924;-368,652650663368;"EnhA"
14;-880,040561366402;253,69718263839;"EnhB"
15;197,651866942549;284,534859305911;"Prom"
15;-36,4710071829289;-396,206178355476;"EnhA"
15;-161,18085975962;111,671319049566;"EnhB"
16;126,898587986933;143,468123552314;"Prom"
16;-63,3835237045032;-165,679562454517;"EnhA"
16;-63,5150642824303;22,2114389022031;"EnhB"
17;172,356782980561;64,5203372361115;"Prom"
17;92,1522481932162;-142,428723986627;"EnhA"
17;-264,509031173777;77,9083867505158;"EnhB"
18;195,665564006869;389,941791404147;"Prom"
18;-7,27117503873099;-581,508250917138;"EnhA"
18;-188,394388968138;191,566459512991;"EnhB"
19;100,072898450267;189,565510630103;"Prom"
19;74,0118730674389;-334,977269361125;"EnhA"
19;-174,084771517706;145,411758731022;"EnhB"
20;221,963201517775;170,139195995128;"Prom"
20;95,0253601416152;-303,661847305039;"EnhA"
20;-316,98856165939;133,522651309911;"EnhB"
21;211,836246569364;73,5652379987131;"Prom"
21;111,441634691666;-164,82931978774;"EnhA"
21;-323,27788126103;91,264081789027;"EnhB"
22;51,9848876733828;-10,925971144103;"Prom"
22;362,220167524712;-223,499578751124;"EnhA"
22;-414,205055198094;234,425549895227;"EnhB"
23;223,62648111427;87,1572229329056;"Prom"
23;102,013393596679;-178,219127879526;"EnhA"
23;-325,639874710948;91,0619049466202;"EnhB"
24;491,352280804961;352,40136825966;"Prom"
24;-91,6978281883017;-428,186543735118;"EnhA"
24;-399,65445261666;75,785175475458;"EnhB"
25;28,0226254315695;15,4130220118209;"Prom"
25;21,8999428043314;-35,5883084286247;"EnhA"
25;-49,9225682359009;20,1752864168037;"EnhB"
26;287,926101049553;130,53935095195;"Prom"
26;145,885666566926;-268,085420830799;"EnhA"
26;-433,811767616479;137,546069878849;"EnhB"
27;404,067543449327;349,732692610977;"Prom"
27;-249,344101068683;-327,356213973756;"EnhA"
27;-154,723442380644;-22,3764786372212;"EnhB"
28;393,530956666593;-9,49154242267695;"Prom"
28;194,144390331241;-68,4466496558139;"EnhA"
28;-587,675346997834;77,9381920784908;"EnhB"
29;313,255396037325;134,461393438951;"Prom"
29;-32,5947365783223;-149,308449826866;"EnhA"
29;-280,660659459002;14,8470563879157;"EnhB"
30;285,778134237533;66,4367298165426;"Prom"
30;53,0419469810504;-104,590348696268;"EnhA"
30;-338,820081218584;38,1536188797253;"EnhB"
31;284,44306440289;56,2108408374256;"Prom"
31;24,0885703233386;-68,9848252444819;"EnhA"
31;-308,531634726229;12,7739844070564;"EnhB"
32;486,644668938291;138,885586514689;"Prom"
32;-129,926185607367;-68,1939870760639;"EnhA"
32;-356,718483330923;-70,6915994386255;"EnhB"
33;176,012433856566;227,798450346387;"Prom"
33;185,873641985447;-461,705933996888;"EnhA"
33;-361,886075842013;233,907483650501;"EnhB"
34;180,719804383917;142,366216191973;"Prom"
34;-71,9317156180776;-151,402612651431;"EnhA"
34;-108,788088765839;9,03639645945874;"EnhB"
35;393,240291175188;105,957691795644;"Prom"
35;-21,8836533672001;-101,975310106079;"EnhA"
35;-371,356637807988;-3,9823816895652;"EnhB"
36;137,782467757189;278,076881504139;"Prom"
36;358,084149932705;-662,728374857596;"EnhA"
36;-495,866617689894;384,651493353457;"EnhB"
37;159,210588250433;143,234096987285;"Prom"
37;110,739396309819;-280,065633073962;"EnhA"
37;-269,949984560252;136,831536086678;"EnhB"
38;251,233045365799;150,035493300166;"Prom"
38;-34,0211388670543;-180,477190213577;"EnhA"
38;-217,211906498745;30,441696913411;"EnhB"
39;616,630861890809;279,517180311231;"Prom"
39;-170,548244717777;-244,572147851986;"EnhA"
39;-446,082617173032;-34,9450324592449;"EnhB"
40;233,437085698245;26,6781689371369;"Prom"
40;91,8272682585635;-75,2969043587237;"EnhA"
40;-325,264353956809;48,6187354215867;"EnhB"
41;164,633915734338;225,364362831304;"Prom"
41;156,163653185105;-439,044978195258;"EnhA"
41;-320,797568919443;213,680615363954;"EnhB"
42;465,32094272695;10,2808015482613;"Prom"
42;633,593290445382;-390,25213902958;"EnhA"
42;-1098,91423317233;379,971337481319;"EnhB"
43;128,843512970281;118,08282289144;"Prom"
43;-36,2648223859085;-144,167667540517;"EnhA"
43;-92,5786905843726;26,0848446490772;"EnhB"
44;177,179835454883;87,3405820645876;"Prom"
44;177,949464517134;-236,108377226776;"EnhA"
44;-355,129299972016;148,767795162188;"EnhB"
45;136,903737620641;16,58953687397;"Prom"
45;74,372190284591;-59,6351914460137;"EnhA"
45;-211,275927905232;43,0456545720437;"EnhB"
46;276,435227735274;38,7380685893391;"Prom"
46;274,649597938161;-213,543711295812;"EnhA"
46;-551,084825673435;174,805642706473;"EnhB"
47;106,965108429923;129,749035038479;"Prom"
47;-69,6140765804157;-142,424819183554;"EnhA"
47;-37,351031849507;12,6757841450755;"EnhB"
48;704,896837638335;38,8976221474225;"Prom"
48;72,8746859267202;-22,6533673184132;"EnhA"
48;-777,771523565055;-16,2442548290093;"EnhB"
49;247,222069409295;13,5286513117188;"Prom"
49;143,634301349063;-88,3182350052063;"EnhA"
49;-390,856370758358;74,7895836934874;"EnhB"
50;284,273938878536;201,499854969867;"Prom"
50;88,7470344909482;-340,730490373319;"EnhA"
50;-373,020973369484;139,230635403452;"EnhB"
51;454,169541104748;-8,25027256172073;"Prom"
51;464,211840018411;-247,060958653264;"EnhA"
51;-918,381381123159;255,311231214984;"EnhB"
52;132,222367420986;112,40857829977;"Prom"
52;-32,4808747597583;-137,437795700969;"EnhA"
52;-99,7414926612277;25,0292174011994;"EnhB"
53;509,23641956158;220,33894536101;"Prom"
53;-225,75690661058;-127,605471715937;"EnhA"
53;-283,479512951;-92,7334736450723;"EnhB"
54;332,366117892828;261,098805092475;"Prom"
54;6,8515223641801;-372,227228582253;"EnhA"
54;-339,217640257009;111,128423489778;"EnhB"
55;288,461662846771;49,4425428231227;"Prom"
55;46,0137123744462;-72,8370202789235;"EnhA"
55;-334,475375221217;23,3944774558008;"EnhB"
56;210,641404772244;229,673166125773;"Prom"
56;113,452263767123;-410,913984538259;"EnhA"
56;-324,093668539367;181,240818412486;"EnhB"
57;240,351699560949;228,131932255486;"Prom"
57;-35,1484565485502;-303,415039777538;"EnhA"
57;-205,203243012398;75,2831075220521;"EnhB"
58;197,829007681906;82,9347264587998;"Prom"
58;-42,1686228360302;-76,4637097585663;"EnhA"
58;-155,660384845876;-6,4710167002335;"EnhB"
59;367,161335992267;129,2763673306;"Prom"
59;4,46103509401652;-159,735174397048;"EnhA"
59;-371,622371086284;30,4588070664479;"EnhB"
60;158,92686694991;10,9559404309635;"Prom"
60;126,199948443874;-83,4168935906975;"EnhA"
60;-285,126815393783;72,460953159734;"EnhB"
61;285,387039556645;169,162869870204;"Prom"
61;-0,692697965747906;-228,915598924696;"EnhA"
61;-284,694341590898;59,7527290544919;"EnhB"
62;224,210018456614;19,1978470622565;"Prom"
62;93,3978806830018;-65,8013714694815;"EnhA"
62;-317,607899139615;46,603524407225;"EnhB"
63;554,023628855913;442,858280094822;"Prom"
63;-259,559114029543;-447,560502503341;"EnhA"
63;-294,46451482637;4,70222240851925;"EnhB"
64;176,636357538101;49,980566360026;"Prom"
64;61,7657576409196;-98,386323069886;"EnhA"
64;-238,402115179021;48,4057567098599;"EnhB"
65;228,417622582194;97,770472097921;"Prom"
65;-25,3155308649522;-107,384338249586;"EnhA"
65;-203,102091717241;9,61386615166513;"EnhB"
66;400,434287403119;21,5277103694207;"Prom"
66;157,982952749327;-91,5113056597772;"EnhA"
66;-558,417240152446;69,9835952903564;"EnhB"
67;440,919359759283;111,574548910988;"Prom"
67;63,1757057529633;-162,850013850665;"EnhA"
67;-504,095065512246;51,275464939677;"EnhB"
68;573,002007055785;73,6097888710315;"Prom"
68;124,842424548314;-128,952840826579;"EnhA"
68;-697,844431604099;55,3430519555479;"EnhB"
69;215,201106530983;76,9143269500077;"Prom"
69;30,9133663409419;-114,719698004352;"EnhA"
69;-246,114472871925;37,8053710543439;"EnhB"
70;413,506518132189;103,100127242099;"Prom"
70;109,97619508238;-184,923219755146;"EnhA"
70;-523,482713214569;81,823092513046;"EnhB"
71;284,438775861508;72,8163603762606;"Prom"
71;217,04189112533;-226,632773090252;"EnhA"
71;-501,480666986838;153,816412713991;"EnhB"
72;171,024670847906;153,336143448602;"Prom"
72;-8,23665726917632;-213,251549739125;"EnhA"
72;-162,788013578729;59,9154062905221;"EnhB"
73;1064,0243301336;522,709894458901;"Prom"
73;-479,133400657539;-359,196235990767;"EnhA"
73;-584,890929476065;-163,513658468134;"EnhB"
74;176,781929328493;22,6545909621877;"Prom"
74;61,9726462442856;-55,6995111381455;"EnhA"
74;-238,754575572779;33,0449201759579;"EnhB"
75;675,701593881427;21,3514322252852;"Prom"
75;408,379575330868;-227,690949968329;"EnhA"
75;-1084,0811692123;206,339517743044;"EnhB"
76;149,547299850297;21,3573570559638;"Prom"
76;80,704604555498;-69,8461515233753;"EnhA"
76;-230,251904405795;48,4887944674116;"EnhB"
77;117,710176282821;6,93058584385587;"Prom"
77;210,93318935693;-140,06114480178;"EnhA"
77;-328,643365639751;133,130558957924;"EnhB"
78;-37,5703055003988;214,638887635098;"Prom"
78;406,531897667786;-618,286552706747;"EnhA"
78;-368,961592167387;403,647665071648;"EnhB"
79;608,548117121425;273,574387189331;"Prom"
79;187,896178412053;-480,801629238624;"EnhA"
79;-796,444295533478;207,227242049293;"EnhB"
80;260,560727583637;87,9072554275742;"Prom"
80;13,719967648907;-114,549516742243;"EnhA"
80;-274,280695232544;26,6422613146692;"EnhB"
81;281,56038873698;59,7288573692767;"Prom"
81;179,721549348266;-181,028880302489;"EnhA"
81;-461,281938085246;121,300022933212;"EnhB"
82;361,947553832316;18,0093640937614;"Prom"
82;114,413132178972;-61,0807601652574;"EnhA"
82;-476,360686011288;43,0713960714959;"EnhB"
83;752,196445491902;-93,4462742257866;"Prom"
83;640,399737012553;-196,579404203533;"EnhA"
83;-1392,59618250446;290,02567842932;"EnhB"
84;713,294370461427;157,19113916371;"Prom"
84;-99,7899731474245;-89,1358108037098;"EnhA"
84;-613,504397314003;-68,0553283599998;"EnhB"
85;224,5816583974;102,243286518613;"Prom"
85;68,1085577895953;-178,604347917431;"EnhA"
85;-292,690216186995;76,3610613988175;"EnhB"
86;104,905711258227;16,7191217766384;"Prom"
86;102,430700109948;-82,9743691568209;"EnhA"
86;-207,336411368175;66,2552473801826;"EnhB"
87;110,038695957152;36,8530882366923;"Prom"
87;73,6520186778897;-94,2432993017071;"EnhA"
87;-183,690714635041;57,3902110650148;"EnhB"
88;476,0692847472;73,7378686082636;"Prom"
88;166,528430601152;-169,692842141724;"EnhA"
88;-642,597715348352;95,9549735334606;"EnhB"
89;186,542534748785;249,114243403111;"Prom"
89;233,732017514042;-526,434332208963;"EnhA"
89;-420,274552262827;277,320088805853;"EnhB"
90;669,79495542608;54,5506297718747;"Prom"
90;300,804646962274;-207,051742162957;"EnhA"
90;-970,599602388354;152,501112391083;"EnhB"
91;488,83726481054;182,691379860517;"Prom"
91;-114,182327249506;-147,288319701748;"EnhA"
91;-374,654937561034;-35,4030601587687;"EnhB"
92;405,172205246797;99,9684874664271;"Prom"
92;-67,2119714501893;-60,179877333686;"EnhA"
92;-337,960233796608;-39,7886101327412;"EnhB"
93;408,855159860359;167,430408461908;"Prom"
93;-96,6610676688481;-145,31801477767;"EnhA"
93;-312,194092191511;-22,1123936842373;"EnhB"
94;245,148793431344;102,103615064784;"Prom"
94;48,313094216716;-162,31345778361;"EnhA"
94;-293,46188764806;60,2098427188263;"EnhB"
95;438,441745815766;148,87896319161;"Prom"
95;46,2362407332256;-210,045557989516;"EnhA"
95;-484,677986548991;61,1665947979056;"EnhB"
96;533,074039377786;-122,487514431197;"Prom"
96;742,729912252271;-248,24748315986;"EnhA"
96;-1275,80395163006;370,734997591056;"EnhB"
97;187,43565879065;337,699813543096;"Prom"
97;-27,5545757182823;-486,854342442982;"EnhA"
97;-159,881083072368;149,154528899886;"EnhB"
98;379,197067965015;53,7982952250283;"Prom"
98;-35,9442396164379;-12,4217172905431;"EnhA"
98;-343,252828348577;-41,3765779344853;"EnhB"
99;289,998158831747;145,094619328542;"Prom"
99;92,3054462480693;-254,077109925786;"EnhA"
99;-382,303605079816;108,982490597244;"EnhB"
100;263,322691639904;149,534775034773;"Prom"
100;21,8777604124594;-216,317665355776;"EnhA"
100;-285,200452052363;66,7828903210028;"EnhB"
101;548,960988863843;51,8430001386837;"Prom"
101;342,597066647391;-246,405677245124;"EnhA"
101;-891,558055511234;194,562677106441;"EnhB"
102;128,668961745648;124,234075203392;"Prom"
102;98,6962180370902;-245,896566243574;"EnhA"
102;-227,365179782738;121,662491040182;"EnhB"
103;360,611716098156;74,6595472250408;"Prom"
103;161,423684216158;-182,068154501122;"EnhA"
103;-522,035400314314;107,408607276081;"EnhB"
104;175,543576309822;61,4650766868896;"Prom"
104;239,648457697043;-237,86624711924;"EnhA"
104;-415,192034006866;176,401170432351;"EnhB"
105;301,53527630628;445,709755520375;"Prom"
105;113,213213788565;-737,853699789767;"EnhA"
105;-414,748490094844;292,143944269392;"EnhB"
106;389,525381190836;93,0591729577675;"Prom"
106;27,2014260003561;-115,717652136653;"EnhA"
106;-416,726807191192;22,6584791788854;"EnhB"
107;233,923613528477;328,97520005019;"Prom"
107;-79,3024467597559;-432,080101572154;"EnhA"
107;-154,621166768721;103,104901521964;"EnhB"
108;905,84125818648;125,723492202017;"Prom"
108;285,21150357055;-278,447620212684;"EnhA"
108;-1191,05276175703;152,724128010667;"EnhB"
109;208,761250979358;32,3099889496841;"Prom"
109;115,739985921065;-103,513698973313;"EnhA"
109;-324,501236900423;71,203710023629;"EnhB"
110;204,990244458389;48,1773578388502;"Prom"
110;143,640531858368;-147,876558637516;"EnhA"
110;-348,630776316757;99,6992007986658;"EnhB"
111;472,968713024558;1,6694151104033;"Prom"
111;365,567114253207;-192,959181960893;"EnhA"
111;-838,535827277765;191,28976685049;"EnhB"
112;360,103601397115;191,90103831108;"Prom"
112;27,676288708354;-274,563586133855;"EnhA"
112;-387,779890105468;82,6625478227746;"EnhB"
113;260,2669715702;23,9700978614106;"Prom"
113;171,168485894316;-121,831419072531;"EnhA"
113;-431,435457464516;97,8613212111207;"EnhB"
114;328,581612842495;-20,3355389733257;"Prom"
114;332,055000385129;-153,648971878641;"EnhA"
114;-660,636613227623;173,984510851966;"EnhB"
115;166,588288341149;156,973510928434;"Prom"
115;78,0798220352255;-278,388869950127;"EnhA"
115;-244,668110376375;121,415359021693;"EnhB"
116;205,620425405481;22,2234254766098;"Prom"
116;63,6774052254777;-52,5867927335041;"EnhA"
116;-269,297830630958;30,3633672568943;"EnhB"
117;129,912432146349;29,0133510985382;"Prom"
117;135,363293141305;-121,579650429623;"EnhA"
117;-265,275725287654;92,5662993310848;"EnhB"
118;321,602857790167;32,0430149734305;"Prom"
118;214,503324488302;-156,384490973409;"EnhA"
118;-536,106182278469;124,341475999979;"EnhB"
119;392,359799800468;42,5758993625861;"Prom"
119;60,8309405086156;-59,2170698923872;"EnhA"
119;-453,190740309084;16,641170529801;"EnhB"
120;595,650498864333;246,003566634041;"Prom"
120;291,940456302992;-510,197372626798;"EnhA"
120;-887,590955167325;264,193805992757;"EnhB"
121;134,44033402391;164,865240158328;"Prom"
121;226,652515760426;-396,121911092925;"EnhA"
121;-361,092849784336;231,256670934596;"EnhB"
122;149,66586788968;86,9607586697328;"Prom"
122;18,8308082975859;-130,397538855954;"EnhA"
122;-168,496676187265;43,4367801862211;"EnhB"
123;924,368887411586;466,539931099408;"Prom"
123;-299,01680287601;-411,508682973673;"EnhA"
123;-625,352084535576;-55,0312481257354;"EnhB"
124;161,262617479395;315,620425147858;"Prom"
124;-36,0238665070703;-449,753763669928;"EnhA"
124;-125,238750972324;134,13333852207;"EnhB"
125;405,917493456283;188,869217158215;"Prom"
125;24,9390755106614;-262,227058332581;"EnhA"
125;-430,856568966944;73,3578411743661;"EnhB"
126;349,030889405625;301,052396400371;"Prom"
126;8,93295761288265;-434,159355435574;"EnhA"
126;-357,963847018508;133,106959035203;"EnhB"
127;65,2671896518147;83,1532242925864;"Prom"
127;39,2209781557972;-148,879106052685;"EnhA"
127;-104,488167807612;65,7258817600982;"EnhB"
128;449,709179948247;37,0584745890636;"Prom"
128;291,203991116895;-200,574113016576;"EnhA"
128;-740,913171065141;163,515638427512;"EnhB"
129;296,452177395279;156,626854361002;"Prom"
129;19,0703203929519;-221,377200229823;"EnhA"
129;-315,522497788231;64,7503458688205;"EnhB"
130;372,689581843797;60,1000512655706;"Prom"
130;158,853142984038;-155,997331583683;"EnhA"
130;-531,542724827834;95,8972803181124;"EnhB"
131;223,171463600972;-30,3951011303137;"Prom"
131;335,905238954983;-153,675465288359;"EnhA"
131;-559,076702555956;184,070566418673;"EnhB"
132;250,232408073981;184,126053808738;"Prom"
132;12,1158925859638;-265,48417068891;"EnhA"
132;-262,348300659945;81,3581168801724;"EnhB"
133;409,234414035416;212,962128914154;"Prom"
133;-49,5892036657168;-248,714570558894;"EnhA"
133;-359,645210369699;35,7524416447397;"EnhB"
134;101,934400154763;95,1720900137209;"Prom"
134;165,911120127348;-249,55863810819;"EnhA"
134;-267,845520282111;154,386548094469;"EnhB"
135;200,638042529861;226,354631671494;"Prom"
135;215,381133564396;-476,499710349272;"EnhA"
135;-416,019176094257;250,145078677778;"EnhB"
136;441,365429795549;51,0260872549787;"Prom"
136;-4,82002290031209;-21,5504501232638;"EnhA"
136;-436,545406895237;-29,4756371317148;"EnhB"
137;250,413945345453;128,992826234234;"Prom"
137;-79,0490876458307;-116,895265069138;"EnhA"
137;-171,364857699622;-12,0975611650951;"EnhB"
138;651,090138485903;215,337437562402;"Prom"
138;295,532900603658;-457,684424342859;"EnhA"
138;-946,623039089561;242,346986780458;"EnhB"
139;241,929249720184;26,7504232675259;"Prom"
139;57,55197664061;-50,9673441265228;"EnhA"
139;-299,481226360794;24,2169208589969;"EnhB"
140;92,4970866673201;94,9526991387048;"Prom"
140;220,19385781683;-287,424752104166;"EnhA"
140;-312,69094448415;192,472052965461;"EnhB"
141;197,693704970829;-4,10896225036032;"Prom"
141;136,842763195049;-62,2365510617784;"EnhA"
141;-334,536468165878;66,3455133121387;"EnhB"
142;850,114562640462;380,780923345373;"Prom"
142;-258,166144981097;-314,294061692407;"EnhA"
142;-591,948417659365;-66,4868616529656;"EnhB"
143;317,467141687257;167,735307074018;"Prom"
143;109,04319535178;-297,535990228591;"EnhA"
143;-426,510337039037;129,800683154573;"EnhB"
144;434,224369077623;64,0129322752093;"Prom"
144;207,596468137727;-187,697988913124;"EnhA"
144;-641,82083721535;123,685056637915;"EnhB"
145;388,345395871983;102,289053656166;"Prom"
145;82,775008104218;-168,237068365176;"EnhA"
145;-471,120403976201;65,9480147090094;"EnhB"
146;410,072815405024;83,718041005563;"Prom"
146;-30,1405304538014;-59,3997107355062;"EnhA"
146;-379,932284951223;-24,3183302700568;"EnhB"
147;396,172512053397;151,523639875375;"Prom"
147;29,022560965235;-207,722564981269;"EnhA"
147;-425,195073018632;56,1989251058945;"EnhB"
148;228,471655685168;56,1399145642356;"Prom"
148;24,8784512289496;-76,400091388869;"EnhA"
148;-253,350106914118;20,2601768246334;"EnhB"
149;529,359975763798;206,426550204943;"Prom"
149;102,679331764838;-327,35664041324;"EnhA"
149;-632,039307528636;120,930090208297;"EnhB"
150;545,642541979494;359,045410150868;"Prom"
150;-263,798271746215;-314,410837002319;"EnhA"
150;-281,84427023328;-44,6345731485488;"EnhB"
151;229,803704334847;66,0759809609825;"Prom"
151;229,537302222915;-231,418130102908;"EnhA"
151;-459,341006557762;165,342149141925;"EnhB"
152;394,310779733396;124,022321148515;"Prom"
152;-25,7953420203488;-127,473763813679;"EnhA"
152;-368,515437713047;3,45144266516361;"EnhB"
153;565,532091720464;8,64508693626129;"Prom"
153;540,491076074691;-311,664834281486;"EnhA"
153;-1106,02316779515;303,019747345225;"EnhB"
154;209,119879720852;52,4884418618106;"Prom"
154;118,863019183784;-137,211691591704;"EnhA"
154;-327,982898904636;84,7232497298932;"EnhB"
155;133,934833896158;38,4082699692937;"Prom"
155;36,079130835238;-68,0642766769295;"EnhA"
155;-170,013964731396;29,6560067076358;"EnhB"
156;208,049869875656;72,4610759741089;"Prom"
156;120,039490966802;-169,437651062303;"EnhA"
156;-328,089360842458;96,9765750881937;"EnhB"
157;263,936515166632;127,132943192108;"Prom"
157;149,348007166756;-268,105719900706;"EnhA"
157;-413,284522333388;140,972776708598;"EnhB"
158;223,301467927644;119,304880369395;"Prom"
158;-52,1164078470586;-123,476016634148;"EnhA"
158;-171,185060080586;4,17113626475288;"EnhB"
159;214,607232325173;100,608046889573;"Prom"
159;206,974295815479;-272,021879129533;"EnhA"
159;-421,581528140652;171,413832239959;"EnhB"
160;568,854170536836;34,4981608040646;"Prom"
160;515,470316668029;-334,683235187831;"EnhA"
160;-1084,32448720487;300,185074383766;"EnhB"
161;76,9842898544584;160,954629570949;"Prom"
161;7,37596905109809;-247,57794084421;"EnhA"
161;-84,3602589055565;86,6233112732608;"EnhB"
162;266,835545941163;29,0789115408978;"Prom"
162;143,376306912964;-110,055218389356;"EnhA"
162;-410,211852854127;80,9763068484583;"EnhB"
163;350,911130697741;159,381494715573;"Prom"
163;40,1927140181676;-233,303688196224;"EnhA"
163;-391,103844715909;73,922193480651;"EnhB"
164;264,449847621646;137,178121197616;"Prom"
164;-24,1884230502908;-165,392280494377;"EnhA"
164;-240,261424571355;28,2141592967616;"EnhB"
165;249,573716468153;271,229460469623;"Prom"
165;153,818306245795;-498,69479686499;"EnhA"
165;-403,392022713948;227,465336395367;"EnhB"
166;227,172729697491;77,2989902244492;"Prom"
166;269,202586988916;-276,388558242634;"EnhA"
166;-496,375316686407;199,089568018185;"EnhB"
167;248,382589701943;79,9807172238033;"Prom"
167;34,4834792228452;-117,81672698981;"EnhA"
167;-282,866068924788;37,8360097660065;"EnhB"
168;164,953710221271;55,7707643513615;"Prom"
168;130,622632237313;-155,890036307615;"EnhA"
168;-295,576342458584;100,119271956253;"EnhB"
169;798,972550807387;-11,7009155050799;"Prom"
169;572,376884447408;-272,399660562747;"EnhA"
169;-1371,3494352548;284,100576067827;"EnhB"
170;820,667345269511;275,716702050169;"Prom"
170;-174,081595227589;-210,735629312134;"EnhA"
170;-646,585750041922;-64,9810727380347;"EnhB"
171;528,92536704465;118,718096242027;"Prom"
171;-81,7460810233645;-64,189007860811;"EnhA"
171;-447,179286021285;-54,5290883812163;"EnhB"
172;288,36749129817;144,580246584789;"Prom"
172;10,0487135754453;-197,359350177128;"EnhA"
172;-298,416204873615;52,7791035923383;"EnhB"
173;283,104087930067;55,9595659166267;"Prom"
173;19,9402240119036;-65,9283290528118;"EnhA"
173;-303,04431194197;9,96876313618506;"EnhB"
174;335,438319185116;74,0430910166065;"Prom"
174;-20,9151453902052;-59,8536099269801;"EnhA"
174;-314,523173794911;-14,1894810896264;"EnhB"
175;255,543234380161;40,1541181758504;"Prom"
175;42,2170110100738;-59,8049276617906;"EnhA"
175;-297,760245390235;19,6508094859402;"EnhB"
176;370,51122882205;140,387604703991;"Prom"
176;-60,0432876572676;-132,719387275012;"EnhA"
176;-310,467941164782;-7,66821742897938;"EnhB"
177;400,324473725689;235,031296679151;"Prom"
177;-116,980373248085;-238,426964148479;"EnhA"
177;-283,344100477605;3,39566746932807;"EnhB"
178;263,646269652748;-6,84571479944281;"Prom"
178;251,518171805186;-127,946985869237;"EnhA"
178;-515,164441457934;134,79270066868;"EnhB"
179;286,39055323002;73,9910329660851;"Prom"
179;-7,57841689257388;-74,9935342797348;"EnhA"
179;-278,812136337446;1,00250131364967;"EnhB"
180;263,755918547346;-13,7752252642263;"Prom"
180;90,5259188564946;-7,24846491721331;"EnhA"
180;-354,281837403841;21,0236901814396;"EnhB"
181;198,722855932876;61,4741583692647;"Prom"
181;168,323652003002;-186,329005343048;"EnhA"
181;-367,046507935878;124,854846973783;"EnhB"
182;110,201771356542;26,3988449725533;"Prom"
182;122,12277339539;-110,911700947881;"EnhA"
182;-232,324544751933;84,5128559753277;"EnhB"
183;419,254345924271;378,799965939654;"Prom"
183;-45,1483864472571;-510,300242588252;"EnhA"
183;-374,105959477014;131,500276648598;"EnhB"
184;91,2652626739127;514,283640585466;"Prom"
184;74,9096796028222;-845,403481163351;"EnhA"
184;-166,174942276735;331,119840577886;"EnhB"
185;292,548706552696;109,057419573658;"Prom"
185;0,878563462057239;-134,930254454879;"EnhA"
185;-293,427270014753;25,8728348812212;"EnhB"
186;177,044792451274;46,3150880059375;"Prom"
186;-6,94455457727404;-45,7187344215165;"EnhA"
186;-170,100237874;-0,596353584420989;"EnhB"
187;132,89198286292;55,9562568904887;"Prom"
187;3,89965564267388;-73,7329032567495;"EnhA"
187;-136,791638505594;17,7766463662608;"EnhB"
188;353,949551438703;188,592897852777;"Prom"
188;55,4792827761148;-289,116409525647;"EnhA"
188;-409,428834214818;100,52351167287;"EnhB"
189;483,046656162419;214,300932929184;"Prom"
189;-170,844707817188;-158,876750731942;"EnhA"
189;-312,201948345231;-55,4241821972423;"EnhB"
190;165,566380450749;81,0934091715809;"Prom"
190;47,3132841624134;-138,651249660913;"EnhA"
190;-212,879664613163;57,557840489332;"EnhB"
191;223,202242056337;106,693469140043;"Prom"
191;116,643486408245;-218,85886226281;"EnhA"
191;-339,845728464582;112,165393122767;"EnhB"
192;271,409377345229;58,308650372327;"Prom"
192;42,0684102852047;-86,1642988554844;"EnhA"
192;-313,477787630433;27,8556484831574;"EnhB"
193;376,395079840858;271,803907977194;"Prom"
193;-45,8927768597868;-347,51944503349;"EnhA"
193;-330,502302981071;75,7155370562963;"EnhB"
194;206,888777051774;27,083468218661;"Prom"
194;234,80162819551;-176,783210803422;"EnhA"
194;-441,690405247285;149,699742584761;"EnhB"
195;177,871826761475;79,1524388921259;"Prom"
195;-36,4490253531024;-76,931633187268;"EnhA"
195;-141,422801408372;-2,22080570485793;"EnhB"
196;221,895550458868;108,274142330227;"Prom"
196;7,7595371634876;-147,217751997177;"EnhA"
196;-229,655087622356;38,9436096669503;"EnhB"
197;44,0633942028481;212,593696000984;"Prom"
197;-32,0854474225508;-305,666731043827;"EnhA"
197;-11,9779467802974;93,073035042843;"EnhB"
198;281,585655405597;119,52217105472;"Prom"
198;-54,1288348620621;-115,167299944816;"EnhA"
198;-227,456820543535;-4,35487110990356;"EnhB"
199;326,14157234236;10,8180760649113;"Prom"
199;178,938420336586;-98,3038220806658;"EnhA"
199;-505,079992678945;87,4857460157544;"EnhB"
200;146,401935556829;98,2245166754;"Prom"
200;201,288265567913;-272,923570636605;"EnhA"
200;-347,690201124743;174,699053961205;"EnhB"
201;716,383651364902;181,218033083447;"Prom"
201;127,13962135348;-281,202721623925;"EnhA"
201;-843,523272718381;99,9846885404776;"EnhB"
202;538,040428836124;54,5006659646643;"Prom"
202;462,832488048498;-333,957140210905;"EnhA"
202;-1000,87291688462;279,456474246241;"EnhB"
203;171,703406375219;218,148987021681;"Prom"
203;52,9384063941968;-356,438359431518;"EnhA"
203;-224,641812769416;138,289372409837;"EnhB"
204;554,469845205432;321,793039101515;"Prom"
204;-64,8881935809886;-390,644382316211;"EnhA"
204;-489,581651624443;68,8513432146964;"EnhB"
205;426,299626073789;536,56187329359;"Prom"
205;-77,1101710326763;-734,771418069398;"EnhA"
205;-349,189455041112;198,209544775808;"EnhB"
206;71,091984997999;484,08055805398;"Prom"
206;269,054596562609;-933,050345583273;"EnhA"
206;-340,146581560608;448,969787529294;"EnhB"
207;264,650219589679;82,9531723783785;"Prom"
207;67,8914893784312;-143,23353413846;"EnhA"
207;-332,54170896811;60,2803617600815;"EnhB"
208;399,307270999417;174,358616909281;"Prom"
208;-31,2890990418045;-201,960666500915;"EnhA"
208;-368,018171957613;27,6020495916336;"EnhB"
209;163,447096340268;5,37785487573652;"Prom"
209;44,8272526611715;-18,6013592153668;"EnhA"
209;-208,27434900144;13,2235043396303;"EnhB"
210;94,537923604476;114,548761989214;"Prom"
210;140,902596862401;-263,77735575053;"EnhA"
210;-235,440520466877;149,228593761316;"EnhB"
211;217,304666019879;38,6899335999325;"Prom"
211;26,8235162544292;-51,7833936219206;"EnhA"
211;-244,128182274309;13,093460021988;"EnhB"
212;164,121095423872;46,7574256349821;"Prom"
212;81,1293292913883;-108,109080177603;"EnhA"
212;-245,250424715261;61,3516545426208;"EnhB"
213;269,439999837447;64,1763154596051;"Prom"
213;88,2102407079832;-127,080569144517;"EnhA"
213;-357,650240545431;62,9042536849119;"EnhB"
214;209,514967989564;47,9612869747781;"Prom"
214;127,454010564292;-135,930747510915;"EnhA"
214;-336,968978553856;87,9694605361371;"EnhB"
215;225,624842914299;26,4718553758579;"Prom"
215;218,950679775859;-162,672500321341;"EnhA"
215;-444,575522690158;136,200644945483;"EnhB"
216;148,149607410385;114,231211850865;"Prom"
216;286,187974755743;-355,700545984237;"EnhA"
216;-434,337582166127;241,469334133372;"EnhB"
217;407,183663849368;325,969814547275;"Prom"
217;-255,558357614931;-285,500120224346;"EnhA"
217;-151,625306234437;-40,4696943229282;"EnhB"
218;333,33081957915;204,989745503658;"Prom"
218;-1,96611579097426;-278,189095396268;"EnhA"
218;-331,364703788175;73,1993498926096;"EnhB"
219;637,627513361074;277,777227385874;"Prom"
219;-133,751832969968;-264,327530608513;"EnhA"
219;-503,875680391107;-13,449696777361;"EnhB"
220;296,665828193624;192,449068228018;"Prom"
220;-22,7535674920222;-248,938559592679;"EnhA"
220;-273,912260701602;56,4894913646617;"EnhB"
221;270,958927618199;9,77000488641447;"Prom"
221;74,5568883742852;-32,3419071111403;"EnhA"
221;-345,515815992484;22,5719022247258;"EnhB"
222;269,225910677187;143,334583957427;"Prom"
222;63,7183860802512;-234,410930283295;"EnhA"
222;-332,944296757438;91,0763463258683;"EnhB"
223;190,768808927742;-7,86082598085988;"Prom"
223;117,901103223039;-44,3012772411963;"EnhA"
223;-308,669912150781;52,1621032220562;"EnhB"
224;192,135828737858;29,9927200031132;"Prom"
224;64,6479128829542;-67,1039368242704;"EnhA"
224;-256,783741620812;37,1112168211573;"EnhB"
225;97,7905489359964;167,09027439035;"Prom"
225;98,6036762731415;-316,828266215001;"EnhA"
225;-196,394225209138;149,737991824651;"EnhB"
226;622,063186446263;218,86399602033;"Prom"
226;-131,311078844871;-175,640258504616;"EnhA"
226;-490,752107601392;-43,2237375157142;"EnhB"
227;258,929766870715;106,726766832799;"Prom"
227;177,365793157936;-255,875494761912;"EnhA"
227;-436,295560028652;149,148727929113;"EnhB"
228;109,853970455272;46,7669149962327;"Prom"
228;46,6039321565661;-91,3454992519739;"EnhA"
228;-156,457902611838;44,5785842557412;"EnhB"
229;530,781270205105;240,081448112764;"Prom"
229;-35,1122880574318;-285,902710307391;"EnhA"
229;-495,668982147673;45,8212621946267;"EnhB"
230;479,267696108288;230,417064197263;"Prom"
230;-120,717827377446;-218,793116609192;"EnhA"
230;-358,549868730842;-11,6239475880709;"EnhB"
231;201,194933197989;70,6320230467969;"Prom"
231;24,5571988175459;-102,290002822478;"EnhA"
231;-225,752132015535;31,6579797756815;"EnhB"
232;110,956519044161;-13,235380648114;"Prom"
232;140,952188872123;-61,5706047445962;"EnhA"
232;-251,908707916284;74,8059853927103;"EnhB"
233;218,924942906102;81,6937071545045;"Prom"
233;83,7960036673497;-157,818853770962;"EnhA"
233;-302,720946573452;76,1251466164577;"EnhB"
234;274,796621518519;97,2898275639624;"Prom"
234;-72,3577660641256;-68,749156620351;"EnhA"
234;-202,438855454394;-28,5406709436113;"EnhB"
235;375,298647903268;305,403838904162;"Prom"
235;79,906266832021;-486,115131619509;"EnhA"
235;-455,204914735289;180,711292715346;"EnhB"
236;318,122871690175;19,1744881159949;"Prom"
236;211,911300464919;-134,890398091623;"EnhA"
236;-530,034172155094;115,715909975629;"EnhB"
237;411,500895197699;99,3301219380683;"Prom"
237;229,656857533003;-260,913474578919;"EnhA"
237;-641,157752730702;161,583352640851;"EnhB"
238;54,6952556842082;61,7906340050704;"Prom"
238;135,324746881214;-182,293516610029;"EnhA"
238;-190,020002565422;120,502882604959;"EnhB"
239;343,243969047199;166,364784321036;"Prom"
239;-88,5702823843459;-157,35906729502;"EnhA"
239;-254,673686662853;-9,0057170260157;"EnhB"
240;409,645112149771;98,2885256876431;"Prom"
240;-43,2445801130849;-73,3401335011798;"EnhA"
240;-366,400532036686;-24,9483921864633;"EnhB"
241;260,678654107519;76,2968107340324;"Prom"
241;230,535353167517;-244,256831468424;"EnhA"
241;-491,214007275036;167,960020734392;"EnhB"
242;315,852983427648;175,774359278809;"Prom"
242;6,04868920377319;-240,068949857712;"EnhA"
242;-321,901672631421;64,2945905789025;"EnhB"
243;253,637932924252;86,4192721470235;"Prom"
243;142,444199215847;-200,898245521566;"EnhA"
243;-396,082132140099;114,478973374543;"EnhB"
244;198,72062708525;20,1579164878269;"Prom"
244;309,847550017609;-218,149421009643;"EnhA"
244;-508,568177102858;197,991504521816;"EnhB"
245;319,226712061145;108,038330967019;"Prom"
245;203,575196260576;-268,282746371765;"EnhA"
245;-522,801908321721;160,244415404746;"EnhB"
246;489,81028155655;74,604841178313;"Prom"
246;-18,9537863392646;-42,7997581375029;"EnhA"
246;-470,856495217285;-31,8050830408101;"EnhB"
247;179,766928580967;57,4616421586936;"Prom"
247;63,5487357677209;-110,931947351986;"EnhA"
247;-243,315664348688;53,4703051932921;"EnhB"
248;413,405062778563;178,087454642559;"Prom"
248;-70,9935442914222;-178,956053072142;"EnhA"
248;-342,41151848714;0,868598429583015;"EnhB"
249;155,079725105342;73,6470361030877;"Prom"
249;92,2107602736344;-158,923714309412;"EnhA"
249;-247,290485378977;85,2766782063238;"EnhB"
250;307,380990318763;6,60300285980639;"Prom"
250;442,112498703603;-273,57965837428;"EnhA"
250;-749,493489022366;266,976655514474;"EnhB"
251;152,734076918911;117,149274346683;"Prom"
251;-21,5661178914194;-149,750066783042;"EnhA"
251;-131,167959027492;32,6007924363594;"EnhB"
252;314,811959580436;309,015542267637;"Prom"
252;-36,4503356749227;-419,946148788069;"EnhA"
252;-278,361623905513;110,930606520431;"EnhB"
253;302,763488008244;97,7976517743786;"Prom"
253;24,9779073213534;-132,455666017541;"EnhA"
253;-327,741395329597;34,6580142431622;"EnhB"
254;107,204900775536;-0,0434992139041989;"Prom"
254;74,6078806923418;-37,445745967631;"EnhA"
254;-181,812781467877;37,4892451815351;"EnhB"
255;150,208354003384;343,996170267919;"Prom"
255;63,5099275368738;-563,49007345183;"EnhA"
255;-213,718281540257;219,493903183911;"EnhB"
256;300,573654690106;221,716141326883;"Prom"
256;-76,2325281508177;-257,818149250107;"EnhA"
256;-224,341126539289;36,1020079232233;"EnhB"
257;155,855867637812;38,0704798551558;"Prom"
257;114,476531124247;-118,281106213525;"EnhA"
257;-270,332398762059;80,2106263583697;"EnhB"
258;248,048100171438;98,6613192305331;"Prom"
258;59,7574526513612;-164,366026270974;"EnhA"
258;-307,805552822799;65,7047070404405;"EnhB"
259;101,653805414396;-0,447271335117408;"Prom"
259;31,5356534228604;-8,12233617659895;"EnhA"
259;-133,189458837257;8,56960751171636;"EnhB"
260;371,592275430438;224,339127699541;"Prom"
260;-138,374823669775;-210,667930812504;"EnhA"
260;-233,217451760662;-13,671196887037;"EnhB"
261;113,584394429686;49,7343297730591;"Prom"
261;242,722343093826;-229,320518279138;"EnhA"
261;-356,306737523513;179,586188506079;"EnhB"
262;207,251940451744;35,5121337519786;"Prom"
262;133,039789363601;-120,520625815793;"EnhA"
262;-340,291729815345;85,0084920638143;"EnhB"
263;295,660251784527;96,5827526152487;"Prom"
263;17,6122629495064;-126,414300920671;"EnhA"
263;-313,272514734033;29,8315483054228;"EnhB"
264;414,868387264118;68,8712395405647;"Prom"
264;288,134933667524;-252,668893138442;"EnhA"
264;-703,003320931643;183,797653597878;"EnhB"
265;335,223212282494;149,858777963652;"Prom"
265;19,1776314759978;-206,007101394709;"EnhA"
265;-354,400843758492;56,1483234310575;"EnhB"
266;239,501653277638;49,1665095735023;"Prom"
266;42,6416066927371;-76,216344037106;"EnhA"
266;-282,143259970376;27,0498344636037;"EnhB"
267;248,829119833208;6,03423387899608;"Prom"
267;133,355096871896;-69,364138769916;"EnhA"
267;-382,184216705104;63,3299048909199;"EnhB"
268;501,671705689012;189,635615546172;"Prom"
268;-45,5908381564127;-203,358203552869;"EnhA"
268;-456,0808675326;13,7225880066968;"EnhB"
269;72,2523664175788;103,2149274667;"Prom"
269;-9,08724201202355;-146,480555448707;"EnhA"
269;-63,1651244055552;43,2656279820072;"EnhB"
270;1112,97812519469;502,175472221619;"Prom"
270;-346,235535079538;-411,577745827495;"EnhA"
270;-766,742590115148;-90,5977263941233;"EnhB"
271;169,968465963748;128,264978685827;"Prom"
271;-36,8617538025398;-154,578064430455;"EnhA"
271;-133,106712161208;26,3130857446284;"EnhB"
272;219,709826195743;-2,28528112552481;"Prom"
272;254,827829824709;-142,8344277102;"EnhA"
272;-474,537656020451;145,119708835724;"EnhB"
273;102,956036709911;147,275227869255;"Prom"
273;-38,0835634921103;-191,892529368728;"EnhA"
273;-64,8724732178003;44,6173014994729;"EnhB"
274;139,203386824018;111,931517590553;"Prom"
274;186,166583877677;-284,980082564318;"EnhA"
274;-325,369970701695;173,048564973765;"EnhB"
275;34,3384700418359;294,882295239154;"Prom"
275;87,7099063836981;-517,521172886093;"EnhA"
275;-122,048376425534;222,638877646939;"EnhB"
276;299,400627601872;53,7923622231114;"Prom"
276;-39,4319648295613;-19,9949635478081;"EnhA"
276;-259,968662772311;-33,7973986753032;"EnhB"
277;255,478492260923;22,2621568713524;"Prom"
277;182,297027821183;-127,345386137793;"EnhA"
277;-437,775520082106;105,083229266441;"EnhB"
278;364,397988285665;178,346991882015;"Prom"
278;-71,2957660911038;-185,274568121011;"EnhA"
278;-293,102222194562;6,92757623899638;"EnhB"
279;155,701565628747;73,1492201813051;"Prom"
279;46,1697199880225;-126,657014346039;"EnhA"
279;-201,87128561677;53,5077941647343;"EnhB"
280;379,079123639575;194,319402529883;"Prom"
280;-75,9204003408075;-205,309745189209;"EnhA"
280;-303,158723298768;10,9903426593262;"EnhB"
281;469,471444052518;215,076881470161;"Prom"
281;-141,583064241404;-181,749398247074;"EnhA"
281;-327,888379811115;-33,3274832230867;"EnhB"
282;247,278255266346;454,525578160537;"Prom"
282;-109,592698280339;-606,440280856142;"EnhA"
282;-137,685556986007;151,914702695606;"EnhB"
283;474,030839737277;164,773846336609;"Prom"
283;22,4154979465816;-214,253532648579;"EnhA"
283;-496,446337683858;49,4796863119703;"EnhB"
284;389,243266154985;248,349056172906;"Prom"
284;-31,8974597804124;-318,717915501099;"EnhA"
284;-357,345806374573;70,3688593281927;"EnhB"
285;265,059469635692;109,685611662707;"Prom"
285;65,6515242572676;-183,534264492548;"EnhA"
285;-330,710993892959;73,8486528298407;"EnhB"
286;295,178994495397;80,937586363938;"Prom"
286;-41,405352368154;-61,7023593844223;"EnhA"
286;-253,773642127243;-19,2352269795157;"EnhB"
287;192,931058472352;157,88126462661;"Prom"
287;130,037128193351;-311,967577237947;"EnhA"
287;-322,968186665703;154,086312611337;"EnhB"
288;150,205183418106;107,44203582547;"Prom"
288;183,934367274384;-275,050419742204;"EnhA"
288;-334,13955069249;167,608383916734;"EnhB"
289;495,264536758975;206,134573327978;"Prom"
289;-95,803915880544;-195,750558700486;"EnhA"
289;-399,460620878431;-10,3840146274924;"EnhB"
290;386,120518115181;-35,9367912507928;"Prom"
290;238,509930795131;-58,2079222997738;"EnhA"
290;-624,630448910312;94,1447135505666;"EnhB"
291;507,482124913206;-19,2057361254953;"Prom"
291;391,040226776139;-173,324534989697;"EnhA"
291;-898,522351689345;192,530271115192;"EnhB"
292;318,417702328922;196,201063515045;"Prom"
292;-164,977839154419;-155,075709874845;"EnhA"
292;-153,439863174503;-41,1253536401997;"EnhB"
293;72,1460388634868;6,00731096863447;"Prom"
293;103,235942995309;-70,831977372616;"EnhA"
293;-175,381981858796;64,8246664039815;"EnhB"
294;304,532957088144;45,3246028079895;"Prom"
294;242,870221653372;-198,674771899263;"EnhA"
294;-547,403178741516;153,350169091273;"EnhB"
295;118,437293929979;38,4051237516848;"Prom"
295;287,193276226133;-241,304015865443;"EnhA"
295;-405,630570156112;202,898892113758;"EnhB"
296;68,174132839783;80,5018270792291;"Prom"
296;174,644527445884;-236,74830906896;"EnhA"
296;-242,818660285667;156,246481989731;"EnhB"
297;337,143340326019;-42,116969517758;"Prom"
297;246,349807092927;-59,9885685762352;"EnhA"
297;-583,493147418946;102,105538093993;"EnhB"
298;145,168877815349;187,084013027234;"Prom"
298;163,712499997369;-386,653568319923;"EnhA"
298;-308,881377812718;199,569555292689;"EnhB"
299;206,194464767353;165,635985928527;"Prom"
299;-53,5816410294556;-197,195934406772;"EnhA"
299;-152,612823737898;31,5599484782444;"EnhB"
300;159,530354102914;136,289057452264;"Prom"
300;-57,7880397075235;-154,17605456677;"EnhA"
300;-101,742314395391;17,8869971145052;"EnhB"
301;126,176984752695;33,9422486985526;"Prom"
301;50,6102965782323;-71,9493110798547;"EnhA"
301;-176,787281330928;38,0070623813021;"EnhB"
302;514,063944439689;556,181842535532;"Prom"
302;-97,0474130956598;-740,950952242434;"EnhA"
302;-417,016531344029;184,769109706902;"EnhB"
303;153,720705587232;133,16428782597;"Prom"
303;150,995493017257;-292,437987265345;"EnhA"
303;-304,716198604489;159,273699439375;"EnhB"
304;428,487514627365;280,714121443739;"Prom"
304;-109,816181099625;-311,36669681329;"EnhA"
304;-318,671333527741;30,6525753695504;"EnhB"
305;291,275488501052;72,3057879784672;"Prom"
305;94,4491310311232;-141,346674038802;"EnhA"
305;-385,724619532175;69,0408860603348;"EnhB"
306;392,036980781377;266,374568106044;"Prom"
306;-52,034400023209;-332,87109909513;"EnhA"
306;-340,002580758168;66,496530989087;"EnhB"
307;246,558749148854;144,855827222248;"Prom"
307;13,9036977074561;-205,64039625228;"EnhA"
307;-260,462446856311;60,7845690300316;"EnhB"
308;963,46304647141;433,403505447228;"Prom"
308;-323,347086482936;-338,11740145884;"EnhA"
308;-640,115959988474;-95,2861039883876;"EnhB"
309;429,540471650763;55,6415983865813;"Prom"
309;5,74096186058829;-37,4622003459058;"EnhA"
309;-435,281433511351;-18,1793980406755;"EnhB"
310;88,3620936772487;54,9356875173397;"Prom"
310;59,5334771681043;-115,646564554531;"EnhA"
310;-147,895570845353;60,7108770371909;"EnhB"
311;380,23335526036;170,477331609461;"Prom"
311;-38,0726348109372;-193,633598075962;"EnhA"
311;-342,160720449423;23,1562664665009;"EnhB"
312;505,702398867683;208,201645857043;"Prom"
312;-138,676875752809;-168,437919028414;"EnhA"
312;-367,025523114874;-39,7637268286291;"EnhB"
313;-9,67416934838526;142,969366893422;"Prom"
313;84,6827579491444;-282,958810758542;"EnhA"
313;-75,0085886007592;139,989443865119;"EnhB"
314;91,2039429328019;107,038863757409;"Prom"
314;-2,86014998891823;-154,353446329145;"EnhA"
314;-88,3437929438837;47,3145825717362;"EnhB"
315;488,138303222462;144,365013853101;"Prom"
315;-18,9128875662727;-152,324987152174;"EnhA"
315;-469,225415656189;7,9599732990728;"EnhB"
316;250,302159522321;164,665682866739;"Prom"
316;-43,241926756984;-197,223125604656;"EnhA"
316;-207,060232765337;32,5574427379174;"EnhB"
317;206,007336064143;184,579062148129;"Prom"
317;-11,9096225911943;-255,324775639307;"EnhA"
317;-194,097713472949;70,745713491178;"EnhB"
318;365,172549134553;294,076392211326;"Prom"
318;-130,555516272397;-326,056410967932;"EnhA"
318;-234,617032862156;31,9800187566068;"EnhB"
319;371,894368118943;106,528783496889;"Prom"
319;87,1813333053294;-179,938924645833;"EnhA"
319;-459,075701424272;73,4101411489438;"EnhB"
320;185,556893971927;26,8281491187422;"Prom"
320;7,1264327128389;-23,7264118876668;"EnhA"
320;-192,683326684766;-3,10173723107532;"EnhB"
321;422,590188008417;109,725204000898;"Prom"
321;188,558115237959;-247,776815478336;"EnhA"
321;-611,148303246376;138,051611477438;"EnhB"
322;205,421521390211;61,4230598367913;"Prom"
322;43,5560690057552;-100,296304148426;"EnhA"
322;-248,977590395966;38,8732443116347;"EnhB"
323;926,287554682704;339,132862477374;"Prom"
323;-232,768189486118;-256,86379193832;"EnhA"
323;-693,519365196586;-82,2690705390543;"EnhB"
324;383,515448640527;-7,80321301501209;"Prom"
324;154,914898934978;-45,5796494525577;"EnhA"
324;-538,430347575505;53,3828624675698;"EnhB"
325;364,759272104197;151,406056369164;"Prom"
325;36,2878106648923;-216,416363864883;"EnhA"
325;-401,047082769089;65,0103074957195;"EnhB"
326;364,716912875049;8,86789634970983;"Prom"
326;281,074891299673;-160,110270516409;"EnhA"
326;-645,791804174722;151,242374166699;"EnhB"
327;113,792642781463;81,2216167275429;"Prom"
327;74,5431170382275;-163,89176567287;"EnhA"
327;-188,335759819691;82,6701489453268;"EnhB"
328;406,78263079506;104,14074970621;"Prom"
328;-19,5256778525457;-99,0467992566774;"EnhA"
328;-387,256952942514;-5,0939504495322;"EnhB"
329;630,496604903512;569,188540639933;"Prom"
329;-360,429290273372;-567,113128871299;"EnhA"
329;-270,06731463014;-2,0754117686333;"EnhB"
330;246,49547192282;100,214565402085;"Prom"
330;-69,5793979524071;-78,7596921685545;"EnhA"
330;-176,916073970413;-21,4548732335304;"EnhB"
331;308,205318248317;159,518368785378;"Prom"
331;115,334307514148;-290,111111152103;"EnhA"
331;-423,539625762465;130,592742366724;"EnhB"
332;146,929616865042;54,4343178580224;"Prom"
332;53,6443683291918;-103,531928529945;"EnhA"
332;-200,573985194233;49,0976106719224;"EnhB"
333;161,897697970172;268,002651736087;"Prom"
333;125,194929405353;-485,058278221867;"EnhA"
333;-287,092627375526;217,05562648578;"EnhB"
334;196,446871996999;89,2094012069897;"Prom"
334;157,916756828936;-222,964512719099;"EnhA"
334;-354,363628825935;133,755111512109;"EnhB"
335;30,0031375272169;389,6207817038;"Prom"
335;282,918312382506;-799,653923650316;"EnhA"
335;-312,921449909723;410,033141946516;"EnhB"
336;160,403229117883;113,977396761254;"Prom"
336;92,7066981482928;-221,780329908656;"EnhA"
336;-253,109927266176;107,802933147402;"EnhB"
337;208,475126957271;250,936608827611;"Prom"
337;152,248230327103;-470,963026537145;"EnhA"
337;-360,723357284374;220,026417709534;"EnhB"
338;110,737034340705;89,0586764744384;"Prom"
338;-24,2172237375487;-109,176774702948;"EnhA"
338;-86,5198106031563;20,1180982285094;"EnhB"
339;109,836225263908;278,247752551935;"Prom"
339;42,23537419642;-451,013031757609;"EnhA"
339;-152,071599460328;172,765279205674;"EnhB"
340;744,38920816257;-19,9673848270629;"Prom"
340;593,238303703479;-280,495023150288;"EnhA"
340;-1337,62751186605;300,462407977351;"EnhB"
341;194,249673632829;35,9035970063671;"Prom"
341;9,35546374960322;-38,3797377953788;"EnhA"
341;-203,605137382432;2,47614078901165;"EnhB"
342;211,592388590074;230,686386273695;"Prom"
342;284,294245692681;-528,930918766621;"EnhA"
342;-495,886634282755;298,244532492927;"EnhB"
343;100,084001024867;29,9679028592141;"Prom"
343;134,157200314522;-125,97609735282;"EnhA"
343;-234,241201339388;96,0081944936058;"EnhB"
344;482,569108066296;244,704179244935;"Prom"
344;-81,7035816729321;-267,379130893545;"EnhA"
344;-400,865526393364;22,6749516486098;"EnhB"
345;424,794302803684;178,971218220523;"Prom"
345;-119,780590409391;-145,63624488828;"EnhA"
345;-305,013712394293;-33,3349733322434;"EnhB"
346;259,963074066906;137,330655143963;"Prom"
346;62,1209520164866;-225,071589458559;"EnhA"
346;-322,084026083392;87,740934314596;"EnhB"
347;196,274154214314;132,494683007702;"Prom"
347;66,4464581615502;-228,397240294958;"EnhA"
347;-262,720612375865;95,9025572872562;"EnhB"
348;411,445048928354;126,298159151065;"Prom"
348;81,8199931434324;-202,315234122529;"EnhA"
348;-493,265042071787;76,0170749714637;"EnhB"
349;378,835796497353;280,846589465461;"Prom"
349;-154,789181131658;-287,092237143863;"EnhA"
349;-224,046615365696;6,2456476784024;"EnhB"
350;386,187752991333;-16,0334612261802;"Prom"
350;230,849340758691;-84,1546939473875;"EnhA"
350;-617,037093750024;100,188155173568;"EnhB"
351;154,028173612862;33,2230636811479;"Prom"
351;8,66974372328449;-38,73381896606;"EnhA"
351;-162,697917336146;5,51075528491205;"EnhB"
352;147,677263969582;54,0192537991629;"Prom"
352;82,1695240162887;-122,248184899329;"EnhA"
352;-229,846787985871;68,2289311001662;"EnhB"
353;269,480248590249;99,4246840801857;"Prom"
353;207,928544251398;-263,968570694973;"EnhA"
353;-477,408792841647;164,543886614787;"EnhB"
354;292,157171783432;134,857672920784;"Prom"
354;-7,65609457066743;-169,57632595966;"EnhA"
354;-284,501077212764;34,7186530388757;"EnhB"
355;179,064914958541;85,2107775616049;"Prom"
355;63,7491406594498;-154,629017912533;"EnhA"
355;-242,814055617991;69,4182403509283;"EnhB"
356;600,085646925168;807,83546797486;"Prom"
356;-408,119136083481;-912,247853066655;"EnhA"
356;-191,966510841687;104,412385091796;"EnhB"
357;131,545539465631;0,442219561660445;"Prom"
357;81,1454197319688;-39,6278857670384;"EnhA"
357;-212,690959197599;39,1856662053779;"EnhB"
358;41,599824074701;12,9092504955678;"Prom"
358;14,1679653900832;-24,6960753502673;"EnhA"
358;-55,7677894647842;11,7868248546994;"EnhB"
359;435,313013659379;36,4535369160259;"Prom"
359;63,6692575146847;-46,1995514416212;"EnhA"
359;-498,982271174064;9,74601452559533;"EnhB"
360;97,3841728074846;224,594374471573;"Prom"
360;409,485645632467;-619,050344697726;"EnhA"
360;-506,869818439952;394,455970226153;"EnhB"
361;340,603076990642;186,701332335471;"Prom"
361;-131,681323263303;-160,138338561706;"EnhA"
361;-208,92175372734;-26,5629937737651;"EnhB"
362;223,403910801845;155,830683995799;"Prom"
362;-72,2431470579536;-166,955309925401;"EnhA"
362;-151,160763743892;11,124625929602;"EnhB"
363;290,29954656693;82,6247354826878;"Prom"
363;2,18493483862731;-94,6919294937976;"EnhA"
363;-292,484481405557;12,0671940111097;"EnhB"
364;430,940579348422;530,968880699808;"Prom"
364;-225,821178887304;-623,979296866162;"EnhA"
364;-205,119400461118;93,0104161663533;"EnhB"
365;186,469322769886;97,4122480127191;"Prom"
365;153,055171093638;-233,744399846997;"EnhA"
365;-339,524493863524;136,332151834278;"EnhB"
366;156,656913906946;70,6046133189758;"Prom"
366;102,633346097768;-161,070738904297;"EnhA"
366;-259,290260004715;90,4661255853216;"EnhB"
367;379,888204266713;105,702188506796;"Prom"
367;-49,3273169098029;-84,519864663905;"EnhA"
367;-330,56088735691;-21,1823238428909;"EnhB"
368;243,408592370647;123,859529514117;"Prom"
368;156,330266816418;-270,303501463458;"EnhA"
368;-399,738859187065;146,443971949341;"EnhB"
369;403,745943063624;167,217772841793;"Prom"
369;166,73898604097;-325,314112839426;"EnhA"
369;-570,484929104593;158,096339997633;"EnhB"
370;536,567960257439;364,630096927123;"Prom"
370;-94,8290029622543;-439,563619667882;"EnhA"
370;-441,738957295185;74,9335227407591;"EnhB"
371;144,18293723193;58,7421406378748;"Prom"
371;-9,90592775284854;-67,2696253756906;"EnhA"
371;-134,277009479081;8,52748473781578;"EnhB"
372;525,459782339552;299,169091607738;"Prom"
372;-45,4412598345002;-372,089289709607;"EnhA"
372;-480,018522505052;72,9201981018686;"EnhB"
373;320,556136197736;157,191713717359;"Prom"
373;-31,6605940741167;-184,64436225831;"EnhA"
373;-288,89554212362;27,4526485409517;"EnhB"
374;359,286025277416;24,6399688931164;"Prom"
374;121,201030737345;-76,4314539110797;"EnhA"
374;-480,487056014761;51,7914850179633;"EnhB"
375;367,388687624144;211,378462977669;"Prom"
375;-106,183212819256;-212,849204571144;"EnhA"
375;-261,205474804887;1,47074159347539;"EnhB"
376;282,309270045412;-26,669459126419;"Prom"
376;241,397039585055;-87,6559132444237;"EnhA"
376;-523,706309630467;114,325372370843;"EnhB"
377;485,210221127088;299,159182150178;"Prom"
377;-232,156363307516;-249,721612644084;"EnhA"
377;-253,053857819572;-49,4375695060938;"EnhB"
378;318,299482625127;164,000636328129;"Prom"
378;-138,394904494834;-122,779077332183;"EnhA"
378;-179,904578130293;-41,2215589959456;"EnhB"
379;217,542412445226;161,604626712475;"Prom"
379;-47,0661832024927;-193,908426674562;"EnhA"
379;-170,476229242734;32,3037999620868;"EnhB"
380;92,7407914669528;101,336702068013;"Prom"
380;67,2311094538173;-193,044610293912;"EnhA"
380;-159,97190092077;91,7079082258988;"EnhB"
381;385,698200139944;238,44067950717;"Prom"
381;-23,6003547614324;-309,297974772214;"EnhA"
381;-362,097845378512;70,8572952650434;"EnhB"
382;266,014031580079;96,2000388786973;"Prom"
382;245,970977256791;-285,30198878373;"EnhA"
382;-511,98500883687;189,101949905033;"EnhB"
383;380,437110619549;472,140213054477;"Prom"
383;-236,841346904952;-530,603307496694;"EnhA"
383;-143,595763714597;58,463094442217;"EnhB"
384;511,630393234977;384,086113199818;"Prom"
384;-156,78960543169;-430,887798225654;"EnhA"
384;-354,840787803287;46,8016850258355;"EnhB"
385;174,554384632474;97,0742082776357;"Prom"
385;143,714604771034;-228,330158584863;"EnhA"
385;-318,268989403508;131,255950307227;"EnhB"
386;299,974777066882;187,713756498294;"Prom"
386;448,591433051072;-562,658286707853;"EnhA"
386;-748,566210117954;374,944530209559;"EnhB"
387;537,562165618307;91,7386877772742;"Prom"
387;-52,1201668940906;-41,0547301337225;"EnhA"
387;-485,441998724216;-50,6839576435517;"EnhB"
388;363,734087633695;135,993043694859;"Prom"
388;-3,26289297935466;-165,41634328828;"EnhA"
388;-360,471194654341;29,423299593421;"EnhB"
389;377,323900789954;68,654753960619;"Prom"
389;9,28050315359594;-66,7824816414437;"EnhA"
389;-386,60440394355;-1,87227231917534;"EnhB"
390;177,91691643406;97,0861060391288;"Prom"
390;98,2201871057427;-196,892748053008;"EnhA"
390;-276,137103539803;99,8066420138791;"EnhB"
391;379,450327188554;78,1131838173087;"Prom"
391;42,3807330402973;-103,915865622738;"EnhA"
391;-421,831060228851;25,8026818054289;"EnhB"
392;220,888116938922;111,919476211178;"Prom"
392;-42,6308451399989;-118,678128991785;"EnhA"
392;-178,257271798923;6,75865278060694;"EnhB"
393;210,509188600071;60,0777406296032;"Prom"
393;-3,65082222875667;-65,3490164015438;"EnhA"
393;-206,858366371314;5,27127577194055;"EnhB"
394;319,473182367219;32,8477358835666;"Prom"
394;78,065863264002;-64,8334986482791;"EnhA"
394;-397,539045631221;31,9857627647125;"EnhB"
395;416,454459590865;133,712983330908;"Prom"
395;-97,0914628307839;-91,2528607332669;"EnhA"
395;-319,362996760081;-42,4601225976415;"EnhB"
396;1249,67898422359;550,635025248885;"Prom"
396;-497,013015656989;-367,569898399884;"EnhA"
396;-752,665968566599;-183,065126849001;"EnhB"
397;42,0168007208356;30,6157894855164;"Prom"
397;177,410337149125;-163,747531493525;"EnhA"
397;-219,427137869961;133,131742008009;"EnhB"
398;127,683944127341;53,4577451540796;"Prom"
398;164,328413886769;-179,91324460096;"EnhA"
398;-292,01235801411;126,45549944688;"EnhB"
399;312,723433197148;54,6780615715327;"Prom"
399;56,7155728504495;-85,3110979276484;"EnhA"
399;-369,439006047598;30,6330363561157;"EnhB"
400;882,662457630131;666,946729242376;"Prom"
400;-423,125175956166;-646,012612449484;"EnhA"
400;-459,537281673965;-20,9341167928924;"EnhB"
401;176,865487028998;-22,6824362702928;"Prom"
401;147,925987974703;-43,2999168908335;"EnhA"
401;-324,791475003701;65,9823531611262;"EnhB"
402;365,826429734449;32,4217705511972;"Prom"
402;277,045988171712;-194,123520984411;"EnhA"
402;-642,872417906162;161,701750433214;"EnhB"
403;233,010740446691;67,5871356745345;"Prom"
403;112,322766133172;-153,421489682265;"EnhA"
403;-345,333506579863;85,8343540077305;"EnhB"
404;297,499875049219;207,689093796389;"Prom"
404;-78,5981375359937;-234,612828258347;"EnhA"
404;-218,901737513226;26,9237344619581;"EnhB"
405;171,445663086816;40,0232964134101;"Prom"
405;61,6165653297396;-83,3331666952163;"EnhA"
405;-233,062228416556;43,3098702818062;"EnhB"
406;413,961526230184;220,057430661482;"Prom"
406;-60,9789840041632;-251,470065669242;"EnhA"
406;-352,982542226021;31,4126350077603;"EnhB"
407;125,71389689205;132,083685591496;"Prom"
407;19,2870746135506;-204,390062393042;"EnhA"
407;-145,000971505601;72,3063768015465;"EnhB"
408;257,341881890994;65,5768907350312;"Prom"
408;65,6085163648847;-115,366212929456;"EnhA"
408;-322,950398255879;49,7893221944252;"EnhB"
409;105,033389277348;495,148395056379;"Prom"
409;159,589408994714;-871,475213148748;"EnhA"
409;-264,622798272062;376,32681809237;"EnhB"
410;327,163612839725;8,95434280066962;"Prom"
410;63,9915772220214;-16,8397663595684;"EnhA"
410;-391,155190061746;7,8854235588987;"EnhB"
411;378,948271595926;5,88876477862677;"Prom"
411;177,841921312408;-83,2409288960412;"EnhA"
411;-556,790192908333;77,3521641174144;"EnhB"
412;223,517429982514;5,61668732036336;"Prom"
412;85,0160561511864;-38,8930639621546;"EnhA"
412;-308,533486133701;33,2763766417912;"EnhB"
413;148,371936345376;58,9741023399354;"Prom"
413;84,5811719471488;-131,569116088378;"EnhA"
413;-232,953108292525;72,5950137484426;"EnhB"
414;107,020863475103;101,364754302929;"Prom"
414;69,0092882166245;-192,518892371368;"EnhA"
414;-176,030151691727;91,1541380684393;"EnhB"
415;255,247453932494;155,063124330221;"Prom"
415;-14,3458042700264;-201,274983874942;"EnhA"
415;-240,901649662467;46,2118595447211;"EnhB"
416;160,841806227718;57,0406897264815;"Prom"
416;44,1861648097368;-99,4259641661247;"EnhA"
416;-205,027971037455;42,3852744396432;"EnhB"
417;400,478927326883;82,9634599351745;"Prom"
417;166,974496683332;-193,88703898832;"EnhA"
417;-567,453424010215;110,923579053146;"EnhB"
418;604,056398682266;194,991934339826;"Prom"
418;-69,9915107038882;-182,321658825111;"EnhA"
418;-534,064887978378;-12,6702755147149;"EnhB"
419;123,191165763469;58,7619065855806;"Prom"
419;7,03546232205046;-81,4786321350526;"EnhA"
419;-130,22662808552;22,716725549472;"EnhB"
420;400,186061015473;98,9993519476449;"Prom"
420;-9,53828547171596;-98,629031403272;"EnhA"
420;-390,647775543757;-0,370320544372967;"EnhB"
421;370,003693838964;-10,013784141079;"Prom"
421;121,736483131461;-21,1690180663193;"EnhA"
421;-491,740176970425;31,1828022073983;"EnhB"
422;102,020453123008;64,9885039579409;"Prom"
422;96,4604311053058;-154,882065641475;"EnhA"
422;-198,480884228314;89,8935616835336;"EnhB"
423;1233,89726465526;642,590547868672;"Prom"
423;-415,065242825852;-569,505398585386;"EnhA"
423;-818,832021829409;-73,0851492832855;"EnhB"
424;269,584629352613;133,804314232599;"Prom"
424;-53,4717809111288;-139,48864003453;"EnhA"
424;-216,112848441484;5,68432580193138;"EnhB"
425;281,890158459086;36,3516225807936;"Prom"
425;109,715483342698;-96,6060593821986;"EnhA"
425;-391,605641801784;60,254436801405;"EnhB"
426;345,951390671178;225,017216306499;"Prom"
426;213,991728737363;-455,315559807657;"EnhA"
426;-559,943119408542;230,298343501158;"EnhB"
427;290,580598545587;79,844977744811;"Prom"
427;56,7378149763226;-127,517928797213;"EnhA"
427;-347,318413521909;47,6729510524024;"EnhB"
428;286,526139103652;16,5784292812917;"Prom"
428;60,0883940140648;-31,1943849812273;"EnhA"
428;-346,614533117717;14,6159556999356;"EnhB"
429;201,015447831891;207,997500374543;"Prom"
429;8,92046140860445;-306,846341151709;"EnhA"
429;-209,935909240496;98,8488407771653;"EnhB"
430;211,908497292202;21,2738955855579;"Prom"
430;127,876762992973;-94,1109874145756;"EnhA"
430;-339,785260285175;72,8370918290177;"EnhB"
431;170,086338293155;7,47685939814787;"Prom"
431;163,976126622473;-102,344179978886;"EnhA"
431;-334,062464915628;94,8673205807386;"EnhB"
432;150,231105082577;6,78320366732315;"Prom"
432;268,319377376325;-174,919134335328;"EnhA"
432;-418,550482458902;168,135930668005;"EnhB"
433;325,51326800303;-5,9501549263735;"Prom"
433;187,000746801468;-77,6127092341936;"EnhA"
433;-512,514014804498;83,5628641605671;"EnhB"
434;319,198659335936;171,417594812807;"Prom"
434;-19,4993565840824;-215,396957308643;"EnhA"
434;-299,699302751853;43,9793624958364;"EnhB"
435;293,283929808659;289,739407062007;"Prom"
435;247,13729475013;-585,898432168834;"EnhA"
435;-540,421224558789;296,159025106826;"EnhB"
436;213,16549688756;84,6010922344503;"Prom"
436;-8,07208232798051;-100,4203135988;"EnhA"
436;-205,09341455958;15,8192213643497;"EnhB"
437;187,439936171181;380,853136224744;"Prom"
437;513,253567332402;-923,398268284362;"EnhA"
437;-700,693503503582;542,545132059618;"EnhB"
438;311,053413206648;255,156927580593;"Prom"
438;-9,24852852293395;-354,595738964054;"EnhA"
438;-301,804884683714;99,4388113834611;"EnhB"
439;135,527984142178;195,311294247423;"Prom"
439;-26,4737896230146;-271,001289629033;"EnhA"
439;-109,054194519163;75,68999538161;"EnhB"
440;174,277893251986;-8,92004408817003;"Prom"
440;151,36534328486;-67,5299003435648;"EnhA"
440;-325,643236536846;76,4499444317349;"EnhB"
441;448,63320803826;41,8461455141426;"Prom"
441;1,10869157223239;-10,3060988404616;"EnhA"
441;-449,741899610492;-31,540046673681;"EnhB"
442;104,461913169383;64,319592197101;"Prom"
442;53,0655117115121;-123,925340499701;"EnhA"
442;-157,527424880895;59,6057483026005;"EnhB"
443;271,632018704676;309,354347836037;"Prom"
443;-139,611515384362;-355,491055276601;"EnhA"
443;-132,020503320315;46,1367074405643;"EnhB"
444;202,987792233072;49,2640709619726;"Prom"
444;119,854140621268;-133,601963685293;"EnhA"
444;-322,84193285434;84,3378927233199;"EnhB"
445;204,371988219021;470,288936203696;"Prom"
445;392,282944045037;-978,871443474919;"EnhA"
445;-596,654932264057;508,582507271223;"EnhB"
446;866,077192822315;391,866327587972;"Prom"
446;-287,444644637016;-309,694255404626;"EnhA"
446;-578,632548185299;-82,1720721833454;"EnhB"
447;166,549518108928;65,3232094695056;"Prom"
447;-6,92542360257134;-76,8207783488143;"EnhA"
447;-159,624094506356;11,4975688793087;"EnhB"
448;262,622304744883;259,63470534677;"Prom"
448;125,944037960395;-459,885259653282;"EnhA"
448;-388,566342705279;200,250554306512;"EnhB"
449;432,389616437965;87,46627784008;"Prom"
449;126,325212545731;-169,226620450518;"EnhA"
449;-558,714828983696;81,7603426104375;"EnhB"
450;245,551198249178;41,2928778984954;"Prom"
450;36,4890206295925;-58,9287298097947;"EnhA"
450;-282,040218878771;17,6358519112992;"EnhB"
451;203,844381256766;157,127651358886;"Prom"
451;398,626678154724;-492,65616399691;"EnhA"
451;-602,47105941149;335,528512638024;"EnhB"
452;176,052537384879;56,0338708679699;"Prom"
452;62,9382538133672;-108,742391315553;"EnhA"
452;-238,990791198246;52,7085204475831;"EnhB"
453;308,56059244065;116,689353263583;"Prom"
453;-44,3103209175692;-114,059921481278;"EnhA"
453;-264,250271523081;-2,62943178230579;"EnhB"
454;312,593575960504;258,450273450131;"Prom"
454;17,6755547356166;-377,930523914693;"EnhA"
454;-330,26913069612;119,480250464561;"EnhB"
455;180,89899543722;43,8315667863893;"Prom"
455;186,628143558235;-173,401999969753;"EnhA"
455;-367,527138995454;129,570433183364;"EnhB"
456;525,891964409713;85,7884675406396;"Prom"
456;60,4123810977226;-109,959483438888;"EnhA"
456;-586,304345507436;24,1710158982481;"EnhB"
457;602,970215581387;346,132019422024;"Prom"
457;-133,96047165847;-375,59872889756;"EnhA"
457;-469,009743922917;29,4667094755359;"EnhB"
458;1127,55979973168;737,854437525239;"Prom"
458;-548,252451205887;-641,163990726966;"EnhA"
458;-579,307348525791;-96,6904467982734;"EnhB"
459;344,553277015586;2,86457009030396;"Prom"
459;186,584255724314;-88,7610460378268;"EnhA"
459;-531,1375327399;85,8964759475228;"EnhB"
460;377,590340549085;86,5259314517714;"Prom"
460;32,9990964330745;-110,927609541907;"EnhA"
460;-410,58943698216;24,4016780901358;"EnhB"
461;174,630727368826;61,6614747923537;"Prom"
461;189,537431885638;-204,102175946446;"EnhA"
461;-364,168159254464;142,440701154093;"EnhB"
462;157,248424467504;37,1467035817867;"Prom"
462;141,679031410283;-135,217571192865;"EnhA"
462;-298,927455877788;98,0708676110785;"EnhB"
463;580,770265275459;257,878090455864;"Prom"
463;-239,191374353174;-168,320197452419;"EnhA"
463;-341,578890922284;-89,5578930034457;"EnhB"
464;240,518110059969;134,563711299716;"Prom"
464;66,266873859338;-225,992677616953;"EnhA"
464;-306,784983919307;91,4289663172371;"EnhB"
465;282,521179830999;157,56769563891;"Prom"
465;96,9674419797689;-277,731688723463;"EnhA"
465;-379,488621810768;120,163993084554;"EnhB"
466;385,725089321366;60,1486097713179;"Prom"
466;75,7404259014454;-97,7465868582572;"EnhA"
466;-461,465515222811;37,5979770869393;"EnhB"
467;726,295812314341;378,457744537525;"Prom"
467;-248,616733134027;-332,626750206886;"EnhA"
467;-477,679079180314;-45,8309943306398;"EnhB"
468;469,930885319658;87,3538236915515;"Prom"
468;185,285389385928;-204,586359597458;"EnhA"
468;-655,216274705586;117,232535905906;"EnhB"
469;207,820625840714;406,93893507581;"Prom"
469;25,2522682336676;-628,806565433447;"EnhA"
469;-233,072894074382;221,867630357636;"EnhB"
470;176,388053514484;64,1224318719997;"Prom"
470;152,04075931671;-182,157995847547;"EnhA"
470;-328,428812831194;118,035563975547;"EnhB"
471;1129,6866532666;442,243505161498;"Prom"
471;-345,773305706107;-315,91576539961;"EnhA"
471;-783,913347560489;-126,327739761888;"EnhB"
472;387,041481948034;58,0486185813635;"Prom"
472;-31,5385831769135;-21,1066468557127;"EnhA"
472;-355,50289877112;-36,9419717256508;"EnhB"
473;159,26774230096;63,8628596289833;"Prom"
473;25,8489707055177;-97,8006847769236;"EnhA"
473;-185,116713006477;33,9378251479404;"EnhB"
474;290,815896089651;185,194311910066;"Prom"
474;-43,5567284260049;-224,111423712723;"EnhA"
474;-247,259167663646;38,9171118026571;"EnhB"
475;985,898427055644;237,921849286632;"Prom"
475;-8,17460282708966;-244,079016524899;"EnhA"
475;-977,723824228555;6,15716723826636;"EnhB"
476;286,025576744459;22,4535965982161;"Prom"
476;57,7723320238323;-38,8810910456402;"EnhA"
476;-343,797908768292;16,4274944474241;"EnhB"
477;409,167707001964;156,960274528563;"Prom"
477;-14,2424676623445;-185,102063881682;"EnhA"
477;-394,92523933962;28,1417893531197;"EnhB"
478;329,439010872034;38,8726887992066;"Prom"
478;113,974871665655;-97,5253526075514;"EnhA"
478;-443,413882537689;58,6526638083447;"EnhB"
479;518,320288023364;136,999815337653;"Prom"
479;-60,32458528957;-108,76743608148;"EnhA"
479;-457,995702733794;-28,2323792561731;"EnhB"
480;202,741829258553;73,679436988855;"Prom"
480;38,6560275007092;-116,489280038965;"EnhA"
480;-241,397856759262;42,8098430501099;"EnhB"
481;383,050577330948;154,765552295981;"Prom"
481;-2,75719846838413;-192,759472001415;"EnhA"
481;-380,293378862564;37,9939197054336;"EnhB"
482;275,933968852802;45,0685792049962;"Prom"
482;21,8520008876359;-51,0654864901985;"EnhA"
482;-297,785969740438;5,9969072852022;"EnhB"
483;445,818687598324;156,183983314235;"Prom"
483;-54,8906783201603;-151,580167905719;"EnhA"
483;-390,928009278164;-4,60381540851584;"EnhB"
484;330,071504796764;222,308526415676;"Prom"
484;-98,1967538844458;-240,079675533015;"EnhA"
484;-231,874750912318;17,7711491173392;"EnhB"
