image_ID;DAPI_ID;DAPI_volume;nFC1;nFC2;nFC3;MNN_D_FC1FC2;MNN_D_FC1FC3;MNN_D_FC2FC3;ID_FC1;ID_FC2;ID_FC3;xFC1;yFC1;zFC1;xFC2;yFC2;zFC2;xFC3;yFC3;zFC3
S1_Ivana-Field-01-Airyscan3DProcessed;1;1175.332256;5;3;4;1.82647383744211;2.69526445484089;2.15873143050314;2;1;3;1020.37668918919;1032.68412162162;14.2373310810811;981.407385697538;1009.01524032825;13.5269636576788;957.682707355243;1057.34663536776;14.5880281690141
S1_Ivana-Field-01-Airyscan3DProcessed;2;900.64912;3;2;0;NaN;NaN;NaN;NaN;NaN;NaN;NaN;NaN;NaN;NaN;NaN;NaN;NaN;NaN;NaN
S1_Ivana-Field-01-Airyscan3DProcessed;3;2843.807904;9;7;5;0.874225185026584;1.32882742628193;0.630722390136484;1;1;1;1182.87989556136;2774.66266318538;17.7603133159269;1191.03065693431;2754.48175182482;18.329197080292;1186.23964256702;2742.32737611698;15.8066612510154
S1_Ivana-Field-01-Airyscan3DProcessed;3;2843.807904;9;7;5;0.692500005588375;0.657416105449576;0.387710339937432;2;2;2;1790.06623198353;2877.36410432395;19.7608098833219;1794.72407732865;2861.78910369069;18.0597539543058;1800.68190757129;2868.74778761062;17.1548672566372
S1_Ivana-Field-01-Airyscan3DProcessed;3;2843.807904;9;7;5;0.242630178342052;0.511331341586871;0.58694196059171;4;3;3;1074.18694690265;2428.09181415929;20.0320796460177;1068.46737044146;2428.48944337812;20.5978886756238;1072.46907706946;2435.51284490961;17.0989533777355
S1_Ivana-Field-01-Airyscan3DProcessed;3;2843.807904;9;7;5;0.369926366039165;0.372578347299044;0.554284199360328;8;6;5;1314.79298245614;2799.64561403509;33.7606237816764;1316.42044257113;2806.9894625922;32.2233930453109;1311.11982570806;2794.24872912128;31.862381989833
S1_Ivana-Field-01-Airyscan3DProcessed;4;771.29024;1;4;3;0.529282213025938;0.938486608535409;0.591719156786984;1;2;1;1536.41382904795;1477.02223766505;21.0298818624044;1544.56188466948;1468.44585091421;19.3361462728551;1542.26787463271;1467.2042115573;15.1758080313418
S1_Ivana-Field-02-Airyscan3DProcessed;1;2543.397472;7;7;4;0.885970723430405;2.14687458769531;0.416023584761247;1;3;2;2695.8699489085;2497.7775197399;14.5550394797956;2695.90803382664;2475.63742071882;14.7367864693446;2714.05805038335;2447.72398685652;16.461117196057
S1_Ivana-Field-02-Airyscan3DProcessed;1;2543.397472;7;7;4;0.489178053756043;0.901258310437642;1.35351750195921;3;1;1;2430.43467336683;2556.92713567839;18.3858578607322;2420.28781153977;2562.45134858313;17.2400136565381;2412.13257047167;2566.36980184203;15.774490650293
S1_Ivana-Field-02-Airyscan3DProcessed;1;2543.397472;7;7;4;1.14663467663778;1.38097967142098;0.313634184459147;5;6;4;2320.53301237964;2706.22077028886;27.5770288858322;2294.27470449173;2707.05768321513;24.3002364066194;2290.87834101382;2703.26082949309;22.5972350230415
S1_Ivana-Field-02-Airyscan3DProcessed;2;739.58416;1;3;2;0.32817007584009;0.599662891649227;0.27563373237531;1;1;1;473.579800853485;1348.78008534851;18.4591749644381;471.730722525804;1344.56466302368;16.5188221007893;471.146523565096;1342.10872608493;14.6868875408306
S1_Ivana-Field-02-Airyscan3DProcessed;3;828.50768;4;2;1;0.261647880485899;0.327403697186459;0.270295195897112;1;2;1;526.197034596376;587.986161449753;15.4665568369028;531.986386840613;587.711854792967;16.332955190017;533.456888888889;586.399555555556;14.4862222222222
S1_Ivana-Field-02-Airyscan3DProcessed;4;639.784768;0;0;0;NaN;NaN;NaN;NaN;NaN;NaN;NaN;NaN;NaN;NaN;NaN;NaN;NaN;NaN;NaN
S1_Ivana-Field-03-Airyscan3DProcessed;1;6887.970208;14;17;9;0.681609942291192;0.66996835147811;0.593864077442947;1;5;2;188.113697623132;566.246508208772;19.58564077432;171.702362204724;563.354330708661;18.5685039370079;180.776663323303;580.858910063524;18.5483116014711
S1_Ivana-Field-03-Airyscan3DProcessed;1;6887.970208;14;17;9;0.512804894606553;0.832398142918091;0.788678118249919;2;2;1;781.864962406015;1216.46736842105;20.1990977443609;786.342489482801;1205.51769364019;18.787428854244;785.497820401046;1209.42022667829;14.7018308631212
S1_Ivana-Field-03-Airyscan3DProcessed;1;6887.970208;14;17;9;0.414719317942644;1.00328825819122;0.737885033666599;4;7;4;545.598587404355;608.483225426722;27.8887580929959;549.17197875166;608.154935812306;25.109561752988;549.055531453362;623.727114967462;22.2841648590022
S1_Ivana-Field-03-Airyscan3DProcessed;1;6887.970208;14;17;9;0.700809341697751;0.591513404094019;0.260648361251011;6;11;5;745.769230769231;448.417094017094;28.4858974358974;755.599788806758;434.680042238648;29.8141499472017;750.40296433534;452.982399258916;24.6915238536359
S1_Ivana-Field-03-Airyscan3DProcessed;1;6887.970208;14;17;9;0.581349629252894;0.649329147635187;1.04570677246843;7;10;7;482.644884841993;981.165506159614;31.0867702196036;478.525480367586;992.398496240602;28.7293233082707;477.196323046618;988.589625738674;27.2672357189757
S1_Ivana-Field-03-Airyscan3DProcessed;1;6887.970208;14;17;9;0.93890325188699;1.57476885545143;0.706208818255872;9;13;8;625.659738590101;378.426826655239;41.4122562674095;627.885865150284;364.277822908205;36.0991064175467;639.029801324503;356.940581309787;32.7956217807211
S1_Ivana-Field-03-Airyscan3DProcessed;1;6887.970208;14;17;9;0.308184238194847;0.857208378740357;0.619840822422776;13;14;9;369.239163848755;428.868121733784;42.7765139870888;376.152528872959;427.087614496217;41.9486260454002;384.390591589451;433.151817533856;38.6229508196721
S1_Ivana-Field-03-Airyscan3DProcessed;2;2865.296;6;7;6;0.809298364253983;0.961304420653333;0.546765235119294;3;4;4;2339.04557968798;2807.31722239217;43.5757112266748;2345.428;2804.5176;38.1488;2333.30823253999;2798.82247366368;37.3651970347249
S1_Ivana-Field-03-Airyscan3DProcessed;2;2865.296;6;7;6;0.265401277824703;0.365363730516774;0.322376878381532;5;7;6;2176.39614994934;2806.72061803445;48.1238601823708;2175.17412690605;2811.43039842597;49.4126906050172;2181.39226519337;2807.35359116022;50.3011049723757
S1_Ivana-Field-04-Airyscan3DProcessed;1;5101.592384;9;6;10;0.663967853884467;0.573816942582145;0.494816811171514;2;2;1;1890.66639344262;1356.45450819672;17.0077868852459;1905.91478891479;1349.90831390831;17.1245791245791;1900.41003547897;1354.51292448049;14.0511910795743
S1_Ivana-Field-04-Airyscan3DProcessed;1;5101.592384;9;6;10;0.476579222549496;0.391180054252108;0.517246163959113;3;1;2;1874.60602855632;840.182971972501;16.1866737176097;1886.36453458138;839;15.7540301612064;1877.3679245283;843.243935309973;13.6529649595687
S1_Ivana-Field-04-Airyscan3DProcessed;1;5101.592384;9;6;10;4.8576543313043;4.61294013736869;7.11965318497863;4;6;6;1791.91418563923;1212.40980735552;18.4649737302977;1868.50615302301;1196.20438737293;44.9903691813804;1861.15048543689;1193.75436893204;44.2708737864078
S1_Ivana-Field-04-Airyscan3DProcessed;1;5101.592384;9;6;10;7.46355543178139;0.579493173319854;0.32606732528012;9;3;8;1233.03522367031;1516.80803099683;50.3233532934132;1077.27293447293;1503.40284900285;21.222792022792;1229.43377148635;1506.53387259858;47.5925176946411
S1_Ivana-Field-04-Airyscan3DProcessed;2;962.862432;1;0;1;NaN;NaN;NaN;NaN;NaN;NaN;NaN;NaN;NaN;NaN;NaN;NaN;NaN;NaN;NaN
S1_Ivana-Field-04-Airyscan3DProcessed;3;1491.71008;3;3;2;0.46007988574964;0.661420542089558;0.461035036368209;1;1;1;2171.6421091997;1507.27337322363;28.2729992520568;2168.70026642984;1497.44227353464;26.7886323268206;2179.68016194332;1493.96356275304;26.6653171390013
S1_Ivana-Field-05-Airyscan3DProcessed;1;8536.190208;20;19;7;0.826829875245442;0.929232557538825;0.799579401700421;7;5;1;1880.93942701228;1109.3795361528;19.3178717598909;1874.69230769231;1090.62941461055;17.5873246250605;1862.28425531915;1104.67063829787;15.5982978723404
S1_Ivana-Field-05-Airyscan3DProcessed;1;8536.190208;20;19;7;1.05193070017576;1.13650201906721;0.83611153670782;9;7;2;872.782802737281;1510.14846771794;21.1722701576912;890.521861777151;1524.78232251998;17.5270333803479;888.604260089686;1532.85650224215;23.0084080717489
S1_Ivana-Field-05-Airyscan3DProcessed;1;8536.190208;20;19;7;0.67430047067026;0.792647639873556;0.13977088350981;15;13;3;996.878434637802;911.555370524563;25.0990840965862;997.382558879694;897.967536600891;22.2520687460216;998.904323175053;896.533664068037;21.4521615875266
S1_Ivana-Field-06-Airyscan3DProcessed;1;6424.08592;12;9;10;0.688975355618446;2.23855157020156;1.96272594599115;2;5;4;1740.54613466334;1926.01246882793;18.5847880299252;1725.70438799076;1922.59815242494;20.8837567359507;1692.57038995373;1950.92399206874;14.447455386649
S1_Ivana-Field-06-Airyscan3DProcessed;1;6424.08592;12;9;10;0.314813307896303;0.249386724473864;0.326026850166621;9;7;9;1278.46607393542;1746.30369677117;34.2910622367805;1285.4657873042;1749.4352844188;33.7848309975268;1278.10560146924;1749.61769207224;32.7857361493725
S1_Ivana-Field-07-Airyscan3DProcessed;2;2084.173728;6;5;2;0.352284409154732;2.35707140492072;2.65738384243389;2;2;2;1014.65937976614;1632.32918149466;20.753431621759;1008.84785046729;1628.30056074766;19.2534579439252;1071.55078125;1640.5359375;24.4609375
S1_Ivana-Field-07-Airyscan3DProcessed;2;2084.173728;6;5;2;0.509070160703672;1.01031355349209;0.635961503121213;6;4;1;1411.1569464201;1803.2057847321;29.0346135609294;1412.09137803979;1813.85924834193;27.063375092115;1413.35487661575;1813.96063454759;22.5352526439483
S1_Ivana-Field-07-Airyscan3DProcessed;3;1626.57824;7;4;2;3.1095717237399;3.25802112750986;0.732513532420876;1;1;1;2680.14638297872;903.785531914894;16.8459574468085;2606.96208764156;930.004923682915;16.848842934515;2599.55663915979;914.207801950488;15.2588147036759
S1_Ivana-Field-07-Airyscan3DProcessed;4;1166.930464;2;2;3;0.488714260876743;0.748386732906812;0.311922066635233;1;1;1;2009.15056603774;1959.03471698113;20.1769811320755;2016.45475530933;1966.04409048938;18.2225300092336;2019.07142857143;1966.13306451613;16.1238479262673
S1_Ivana-Field-07-Airyscan3DProcessed;4;1166.930464;2;2;3;0.169982528324664;0.480824905799254;0.414236883050435;2;2;3;2106.95390070922;1811.82127659574;18.5276595744681;2110.28609625668;1810.69418449198;19.2088903743315;2116.25905292479;1805.58124419684;17.2831940575673
S1_Ivana-Field-08-Airyscan3DProcessed;1;6636.756672;25;20;16;0.518541539915019;0.945142783286332;0.817016947260586;3;9;5;1358.77286742035;1194.87255909558;21.2408359027064;1365.00219138057;1186.03287070855;23.2834185536888;1355.27763041556;1176.89478337754;16.9752431476569
S1_Ivana-Field-08-Airyscan3DProcessed;1;6636.756672;25;20;16;0.404397980600956;0.192314714205064;0.563617806737058;4;4;10;1473.70479585224;916.649708360337;19.5797148412184;1464.96741531664;915.173600883652;18.1890648011782;1477.6594292804;919.354838709677;19.4658808933002
S1_Ivana-Field-08-Airyscan3DProcessed;1;6636.756672;25;20;16;0.682592545545134;0.683394461286049;0.232949128620653;5;2;3;1321.84776228907;1185.9904622157;20.1903888481291;1338.05212323064;1189.58934221482;21.3215653621982;1331.47940947941;1179.39665889666;16.6258741258741
S1_Ivana-Field-08-Airyscan3DProcessed;1;6636.756672;25;20;16;0.737745004195128;0.771364889735984;0.677342385100254;7;5;4;917.007319304666;1520.03110704483;20.3055809698079;922.325480471172;1536.99659020459;18.9042157470552;923.623725671918;1534.98934198332;17.3869323447637
S1_Ivana-Field-08-Airyscan3DProcessed;1;6636.756672;25;20;16;0.531380566795728;0.361906566061529;0.694027985775755;9;6;6;1127.98898678414;2292.02477973568;21.443281938326;1117.97396528705;2283.53738317757;20.8618157543391;1130.49005681818;2292.82315340909;18.9694602272727
S1_Ivana-Field-08-Airyscan3DProcessed;1;6636.756672;25;20;16;2.6359145912642;3.14308204227127;1.03192008892839;13;7;7;1370.88118811881;1878.35186595583;24.7623762376238;1401.78280542986;1822.02639517345;20.5723981900452;1415.76552795031;1818.63354037267;17.8020186335404
S1_Ivana-Field-08-Airyscan3DProcessed;1;6636.756672;25;20;16;0.800938236720579;0.569734255925859;0.804995239777753;15;11;11;1219.9;615.290977443609;26.0195488721805;1210.59369202226;598.754174397032;27.8460111317254;1216.53046000829;606.917115623705;22.8715292167426
S1_Ivana-Field-08-Airyscan3DProcessed;1;6636.756672;25;20;16;0.509916567873214;0.571921256994792;0.865850851793775;18;13;15;1519.8689227836;986.101525262154;30.4466158245949;1513.39042553191;996.964893617021;29.9925531914894;1514.64762704746;988.82528349433;26.7240655186896
S1_Ivana-Field-08-Airyscan3DProcessed;1;6636.756672;25;20;16;0.0835220886447672;0.89974340081915;0.563844945386711;19;12;14;1528.62360178971;2157.34731543624;30.8266219239374;1527.44279974625;2159.06047790231;30.8767181222246;1510.54344660194;2158.43859223301;27.0160194174757
S1_Ivana-Field-08-Airyscan3DProcessed;2;1008.532672;3;2;2;0.264468294233688;0.501123767208444;0.47201963208011;1;2;2;1694.66592756837;1671.80081300813;19.8847006651885;1689.77141922825;1676.20667102682;20.0529758011772;1699.83218503937;1677.58070866142;17.0728346456693
S1_Ivana-Field-08-Airyscan3DProcessed;2;1008.532672;3;2;2;0.395581408806393;0.805643320872019;0.582274428956172;2;1;1;1743.20027816412;1603.43324061196;18.7726008344924;1752.17751842752;1602.2585995086;17.6357493857494;1756.49321824908;1599.00369913687;14.6387176325524
S1_Ivana-Field-09-Airyscan3DProcessed;1;10690.207584;25;23;23;3.01372870344544;0.50629683333875;0.663766452207058;8;8;5;948.46316851665;2049.89253279516;25.5993945509586;878.132444020962;2023.47260600286;27.2201048118152;938.471698113208;2050.2463312369;23.3815513626834
S1_Ivana-Field-09-Airyscan3DProcessed;1;10690.207584;25;23;23;0.771697481836483;0.85198674941711;2.6946333276181;9;6;3;1447.38762559492;1782.61660497091;25.2353252247488;1443.15969162996;1765.25715859031;23.1558370044053;1452.54669703872;1773.22095671982;19.9764616552771
S1_Ivana-Field-09-Airyscan3DProcessed;1;10690.207584;25;23;23;0.492957084342142;0.456666031590063;0.573385789327865;11;10;8;1199.61887026691;1580.54314090627;31.2271880819367;1201.83080040527;1569.60182370821;29.7350557244174;1210.77188398223;1580.45466422785;30.5307029004442
S1_Ivana-Field-09-Airyscan3DProcessed;1;10690.207584;25;23;23;0.376153015751978;0.710578108205355;0.424231231656689;15;13;18;919.71810947673;1837.20327947914;35.9896310585966;911.977672035139;1842.49597364568;35.7866032210835;911.588803088803;1852.18146718147;34.5569498069498
S1_Ivana-Field-09-Airyscan3DProcessed;1;10690.207584;25;23;23;0.461234809591798;0.442230240077866;0.505359028997959;17;18;19;945.215525114155;1227.49452054795;37.8506849315068;953.429501084599;1235.25560375994;38.5057845263919;950.601752021563;1236.02493261456;36.5586253369272
S1_Ivana-Field-09-Airyscan3DProcessed;1;10690.207584;25;23;23;0.249740557642351;0.574536792620187;0.296737017001161;18;16;16;1014.2745398773;1570.36247443763;37.7689161554192;1016.85153037917;1564.69118318867;37.6486980356327;1012.02489374621;1562.671523983;34.3630843958713
S1_Ivana-Field-09-Airyscan3DProcessed;1;10690.207584;25;23;23;0.624161569916762;0.596760449750483;0.501450777318014;21;21;20;698.20098982678;1074.09650811108;41.6046191916415;688.698469846985;1085.47524752475;40.2133213321332;698.491719017704;1082.69788692176;38.1227869788692
S1_Ivana-Field-09-Airyscan3DProcessed;2;5726.265664;13;12;7;0.311014688413618;0.615766984487972;0.64044464873228;1;1;1;1751.76698412698;1589.20063492063;19.7152380952381;1754.0657827639;1596.57725650178;19.4665986741458;1761.77777777778;1587.5005005005;16.4094094094094
S1_Ivana-Field-09-Airyscan3DProcessed;2;5726.265664;13;12;7;0.538789022058752;1.08061907177017;0.843589587471587;7;6;3;2499.45655332752;1497.21185701831;29.4975297878524;2505.4964516129;1493.65;26.2116129032258;2504.42367906067;1511.79843444227;23.1575342465753
S1_Ivana-Field-09-Airyscan3DProcessed;2;5726.265664;13;12;7;0.974876211048731;1.16246233257584;0.459659824005993;8;9;4;1999.17328825021;1174.5595942519;32.3220625528318;1990.62389680923;1193.40801086219;28.6449422946368;1982.04587155963;1188.60091743119;26.945871559633
S1_Ivana-Field-09-Airyscan3DProcessed;3;67.593792;0;0;0;NaN;NaN;NaN;NaN;NaN;NaN;NaN;NaN;NaN;NaN;NaN;NaN;NaN;NaN;NaN
S1_Ivana-Field-10-Airyscan3DProcessed;1;986.355776;3;2;1;0.576266481804462;0.527228614309355;0.332254962305184;2;1;1;1186.9189716889;871.493003579564;20.7930361210543;1194.44964945825;877.129063097514;17.6752708731676;1186.19114260407;877.400354295837;17.4329495128432
S1_Ivana-Field-10-Airyscan3DProcessed;2;633.683456;0;0;3;NaN;NaN;NaN;NaN;NaN;NaN;NaN;NaN;NaN;NaN;NaN;NaN;NaN;NaN;NaN
S1_Ivana-Field-10-Airyscan3DProcessed;3;1427.926528;5;5;3;0.684576435916135;0.64363811243844;0.621129941563586;3;5;3;1175.75075528701;2442.71620090634;26.743580060423;1162.27027027027;2452.37278657968;27.9534016775396;1191.29893238434;2440.71174377224;25.7072953736655
S1_Ivana-Field-10-Airyscan3DProcessed;3;1427.926528;5;5;3;0.580123689181268;0.898496661377058;1.29023676227993;4;2;2;1331.55399061033;2562.9885982562;23.8296445338699;1334.28298887122;2548.74562798092;23.879173290938;1347.02069536424;2549.21440397351;21.3451986754967
S1_Ivana-Field-10-Airyscan3DProcessed;4;682.46192;2;3;2;1.70822666883972;1.7497603584085;0.629224376488609;1;3;2;1607.46841294299;1463.35130970724;17.3166409861325;1571.70207715134;1461.54005934718;23.9637982195846;1573.40877742947;1437.95673981191;20.2940438871473
S1_Ivana-Field-10-Airyscan3DProcessed;4;682.46192;2;3;2;1.1919327495585;1.52009639241867;1.07633282784268;2;2;1;1636.20568252007;1519.5460160593;23.4805435453984;1648.61083032491;1494.74223826715;20.3660649819495;1659.03963133641;1498.6202764977;17.1889400921659
S1_Ivana-Field-11-Airyscan3DProcessed;2;1143.748928;3;3;1;0.27832297966257;0.756032033233947;0.590413350359936;3;2;1;1625.40075376884;1451.80841708543;28.5445979899498;1626.95883534137;1447.95607429719;26.9500502008032;1617.62959680992;1448.89233495791;23.6929552503323
S1_Ivana-Field-12-Airyscan3DProcessed;1;4736.989152;11;8;6;0.482991437546342;0.52466432887952;1.95125422424714;2;2;1;758.46835443038;1847.2753164557;19.2932489451477;764.576754385965;1851.18640350877;16.5350877192982;759.075782537068;1851.72981878089;15.7726523887974
S1_Ivana-Field-12-Airyscan3DProcessed;1;4736.989152;11;8;6;1.88080027547131;0.639923884414176;0.245526405739125;5;1;2;842.712074303406;1621.12383900929;21.5356037151703;802.366901408451;1609.41901408451;15.5007042253521;847.663366336634;1626.20682068207;17.4389438943894
S1_Ivana-Field-12-Airyscan3DProcessed;2;500.337152;0;2;0;NaN;NaN;NaN;NaN;NaN;NaN;NaN;NaN;NaN;NaN;NaN;NaN;NaN;NaN;NaN
S1_Ivana-Field-13-Airyscan3DProcessed;1;23642.7296;61;52;32;5.42045986397831;5.2637660396196;0.593739363902834;5;52;32;1326.26318981201;386.297756215888;20.1491813220133;1276.59881129272;338.163447251114;53.444279346211;1278.28793915248;338.826874320898;52.4259326331039
S1_Ivana-Field-13-Airyscan3DProcessed;1;23642.7296;61;52;32;6.88154528009292;6.67492955827739;0.485934189721954;6;25;10;2200.52891933029;928.315068493151;20.9056316590563;2318.25131810193;1046.68365553603;32.7811950790861;2323.04289118348;1039.7823669579;26.7053216838761
S1_Ivana-Field-13-Airyscan3DProcessed;1;23642.7296;61;52;32;0.738781235780377;1.08275949668345;0.827796519997135;26;13;9;1017.56354860952;1434.28958860032;34.8965754998851;1020.86933203315;1422.51389566065;30.9424670892248;1012.60860215054;1419.80688172043;28.5178494623656
S1_Ivana-Field-13-Airyscan3DProcessed;1;23642.7296;61;52;32;0.894305676715828;1.21532061807925;0.914602310242836;29;29;20;567.004835164835;456.983736263736;33.7265934065934;571.116719242902;478.523659305994;34.9716088328076;568.401015228426;487.294416243655;33.2802030456853
S1_Ivana-Field-13-Airyscan3DProcessed;1;23642.7296;61;52;32;3.64130051965772;3.49765301648474;0.436983626930764;41;15;5;1621.59791666667;250.138194444444;41.9784722222222;1684.6163428002;285.688589935227;26.1948181365222;1674.17586490939;271.76194398682;22.9962932454695
S1_Ivana-Field-13-Airyscan3DProcessed;1;23642.7296;61;52;32;0.604566617363068;1.07678719780832;1.11243147474111;44;42;25;293.507171314741;1460.35816733068;42.799203187251;284.519352290679;1448.81319115324;43.8823064770932;302.614423622942;1440.37478705281;38.350936967632
S1_Ivana-Field-13-Airyscan3DProcessed;1;23642.7296;61;52;32;6.61106627549833;7.08090688436896;0.919291354737238;54;9;4;835.244851258581;1642.37528604119;48.0976353928299;920.995680345572;1758.90712742981;25.2699784017279;930.627053140097;1760.45507246377;22.0734299516908
S1_Ivana-Field-13-Airyscan3DProcessed;1;23642.7296;61;52;32;0.757430552277912;0.680858782572116;0.46631933815112;56;46;26;1846.90372940156;929.264527320035;47.5446660884649;1844.84551886792;947.417059748428;46.1214622641509;1841.50068073519;927.555820285909;42.9588155207624
S1_Ivana-Field-13-Airyscan3DProcessed;1;23642.7296;61;52;32;0.249487339970941;0.68223436329589;0.159984530490773;61;51;28;339.558758314856;1886.93939393939;50.6437546193644;339.830992978937;1887.16750250752;48.864593781344;343.843561973526;1881.48375451264;46.1919374247894
S1_Ivana-Field-13-Airyscan3DProcessed;2;1732.303328;4;3;2;0.646203105835725;0.842497666715712;0.380562405060133;2;1;1;1829.58999670944;1527.58012504113;25.783481408358;1823.70516276177;1520.73875181422;21.955007256894;1828.17614091273;1512.42033626902;21.6253002401922
S1_Ivana-Field-13-Airyscan3DProcessed;2;1732.303328;4;3;2;0.475897698899082;0.464536998455697;0.328484181649509;4;2;2;1870.70099540582;1665.53445635528;28.3617917304747;1867.24828845276;1661.98311273391;25.2711090826107;1871.66773162939;1668.89989350373;25.1980830670927
S1_Ivana-Field-13-Airyscan3DProcessed;3;710.849888;2;1;1;0.586818944239728;0.436711900172001;0.34822117277596;2;1;1;1596.55448997384;2653.83260680035;23.3949433304272;1610.05259006048;2649.57270575861;24.4969760715225;1606.94314185229;2653.38100820633;22.4443141852286
S1_Ivana-Field-13-Airyscan3DProcessed;4;999.376672;4;3;2;0.455880840916311;2.07342201117479;2.18300324121754;1;2;1;2451.00475866757;2258.41638341264;20.4636301835486;2445.89144905274;2254.46082949309;17.7818740399386;2489.52653846154;2223.80269230769;21.0953846153846
S1_Ivana-Field-13-Airyscan3DProcessed;4;999.376672;4;3;2;0.55979324383611;0.486239298017884;0.841570280510191;2;3;2;2660.82990152193;1867.61414503133;19.1324977618621;2659.59031068984;1853.81727224855;19.7014218009479;2653.48686868687;1870.52929292929;16.4929292929293
S1_Ivana-Field-13-Airyscan3DProcessed;5;313.350464;0;1;0;NaN;NaN;NaN;NaN;NaN;NaN;NaN;NaN;NaN;NaN;NaN;NaN;NaN;NaN;NaN
S1_Ivana-Field-13-Airyscan3DProcessed;6;664.157312;1;1;1;0.344706735607504;0.807817010735704;0.54790617066896;1;1;1;2300.89340101523;404.61889886763;22.4802811401796;2300.30701754386;396.226720647773;23.0141700404858;2304.20970266041;385.554512258738;20.8288993218571
S1_Ivana-Field-13-Airyscan3DProcessed;7;155.163904;0;0;0;NaN;NaN;NaN;NaN;NaN;NaN;NaN;NaN;NaN;NaN;NaN;NaN;NaN;NaN;NaN
S1_Ivana-Field-14-Airyscan3DProcessed;1;1886.474016;3;5;3;0.49467247510103;0.606569549643639;0.402401665031988;2;1;2;437.602257336343;1797.01173814898;28.92460496614;443.138732394366;1807.96848591549;29.3517605633803;439.289156626506;1810.04600219058;26.763417305586
S1_Ivana-Field-14-Airyscan3DProcessed;1;1886.474016;3;5;3;0.451643304596592;1.08178986739795;1.0200460110148;3;4;3;622.694141165616;1896.93064739351;32;613.596417281349;1900.40674394099;30.3677555321391;629.355432780847;1917.34069981584;27.3011049723757
S1_Ivana-Field-14-Airyscan3DProcessed;2;609.41888;2;2;0;NaN;NaN;NaN;NaN;NaN;NaN;NaN;NaN;NaN;NaN;NaN;NaN;NaN;NaN;NaN
S1_Ivana-Field-14-Airyscan3DProcessed;3;755.08496;1;3;1;0.490645669254693;1.18551832224249;0.775988213702844;1;2;1;1611.2908564336;1642.47579644187;30.2134877947869;1619.72805280528;1648.99801980198;28.4818481848185;1635.58733087331;1645.55842558426;25.4446494464945
S1_Ivana-Field-14-Airyscan3DProcessed;4;1600.29296;4;4;2;0.586867594198424;0.474671732230098;0.334509192376033;4;3;2;1783.78416149068;2524.1350931677;29.5069875776398;1794.83342906376;2531.28317059161;27.6536473291212;1787.65009096422;2529.00060642814;26.6185567010309
S1_Ivana-Field-14-Airyscan3DProcessed;5;1153.208896;2;0;2;NaN;NaN;NaN;NaN;NaN;NaN;NaN;NaN;NaN;NaN;NaN;NaN;NaN;NaN;NaN
S1_Ivana-Field-15-Airyscan3DProcessed;1;5423.291552;15;15;8;0.140957979058898;0.771478240340912;0.346612693679057;4;4;2;1801.6505946641;1135.33140469302;27.8678881388621;1803.80503703704;1137.76088888889;27.4767407407407;1805.60432766615;1143.40880989181;22.9930448222566
S1_Ivana-Field-15-Airyscan3DProcessed;1;5423.291552;15;15;8;0.543145672333906;0.8346842750027;0.671004846204587;8;3;3;819.001739130435;1607.0284057971;32.2;817.181431608788;1602.4578313253;28.5839829907867;816.853448275862;1594.86494252874;27.3946360153257
S1_Ivana-Field-15-Airyscan3DProcessed;1;5423.291552;15;15;8;0.73661888117872;0.725968611491551;0.0579141423628612;14;8;5;1012.85793188095;1689.21877876649;40.69131635471;1010.99140271493;1682.62850678733;35.8072398190045;1011.92384519351;1681.69912609238;35.9794007490637
S1_Ivana-Field-16-Airyscan3DProcessed;1;15412.707744;39;28;30;0.0864944262570283;0.481372791731367;0.407204900799682;9;5;2;2052.65008112493;766.157382368848;21.6371011357491;2053.31769911504;765.721238938053;21.0628318584071;2050.54402361043;764.225282833251;18.2970978848992
S1_Ivana-Field-16-Airyscan3DProcessed;1;15412.707744;39;28;30;0.293143659414206;0.570827458696658;0.718782928174545;13;9;7;453.348258706468;2180.50528606965;28.0845771144279;452.047783039174;2187.7124408093;28.0068876452863;463.569707401033;2177.44492254733;25.3769363166954
S1_Ivana-Field-16-Airyscan3DProcessed;1;15412.707744;39;28;30;0.832421422802209;0.580749214614178;0.760723611030603;16;10;4;466.853454291696;2239.70062805304;30.7487787857641;480.116430658575;2255.48707574736;29.9426837491571;475.06163076084;2239.60185437688;27.3272429779111
S1_Ivana-Field-16-Airyscan3DProcessed;1;15412.707744;39;28;30;0.26746093088477;0.513541944903174;0.457651311800482;17;13;12;1619.01851851852;828.407407407407;33.3122222222222;1623.00184331797;823.053456221198;33.1917050691244;1630.63114754098;827.215609408411;31.7854597291518
S1_Ivana-Field-16-Airyscan3DProcessed;1;15412.707744;39;28;30;0.368702650670714;0.421398786832676;0.399508688355014;20;14;18;1795.99774096386;948.190512048193;32.8900602409639;1803.6554770318;951.466872791519;34.018109540636;1795.4430095452;943.761370016844;35.6165075800112
S1_Ivana-Field-16-Airyscan3DProcessed;1;15412.707744;39;28;30;0.311135002613208;0.421871391602713;0.502977740755101;21;11;15;2108.98508180943;482.64436958614;32.7872954764196;2106.05698647778;489.68995492595;33.2195750160979;2117.27740863787;488.28903654485;33.7179401993356
S1_Ivana-Field-16-Airyscan3DProcessed;1;15412.707744;39;28;30;0.545553793191908;0.768554245340134;0.449100276378706;23;15;16;918.9453125;2285.58385416667;37.6703125;921.499552372426;2294.0599820949;34.7059086839749;922.568801089918;2286.75340599455;32.2895095367847
S1_Ivana-Field-16-Airyscan3DProcessed;1;15412.707744;39;28;30;0.30061948245433;0.728099624512933;0.653087791136819;26;16;17;326.045546558704;1922.85576923077;39.2778340080972;320.109743589744;1918.25743589744;39.185641025641;324.806830907055;1912.30963045913;35.053751399776
S1_Ivana-Field-16-Airyscan3DProcessed;1;15412.707744;39;28;30;0.892337464877799;1.24024346849306;0.846328384401061;33;17;23;635.216152815013;2517.77815013405;48.8706434316354;646.591016548463;2532.71820330969;45.4293144208038;658.018252301728;2517.33031820384;42.8690033920207
S1_Ivana-Field-16-Airyscan3DProcessed;1;15412.707744;39;28;30;0.664652119353254;1.07458526487526;0.567776388371205;34;20;26;1968.1394335512;797.64651416122;48.1421568627451;1976.43603411514;797.650319829424;44.0287846481876;1971.67223382046;804.920668058455;40.8225469728601
S1_Ivana-Field-16-Airyscan3DProcessed;1;15412.707744;39;28;30;0.790911191910871;0.588051899062284;0.816723129173616;36;21;28;503.21178529755;2592.04084014002;49.6627771295216;503.42905027933;2581.48603351955;44.8860335195531;516.466807722825;2593.20550119016;47.8767521819624
S1_Ivana-Field-16-Airyscan3DProcessed;1;15412.707744;39;28;30;0.617421375795071;0.420385534974229;0.217262546672211;39;26;30;727.678235294118;2751.86235294118;51.8282352941176;715.38808038808;2760.05197505198;50.5460845460845;718.335338345865;2755.86842105263;51.0661654135338
S1_Ivana-Field-16-Airyscan3DProcessed;2;644.031136;3;1;3;0.574531057468051;0.615162794477594;0.353629895998412;1;1;1;2711.47013487476;2020.71820809249;22.2490366088632;2715.72675687473;2007.31994762113;21.407682234832;2720.83438155136;2011.94863731656;19.8259958071279
S1_Ivana-Field-16-Airyscan3DProcessed;3;100.439808;0;0;0;NaN;NaN;NaN;NaN;NaN;NaN;NaN;NaN;NaN;NaN;NaN;NaN;NaN;NaN;NaN
S1_Ivana-Field-17-Airyscan3DProcessed;1;821.903712;2;1;1;0.553991498809938;0.712441832212129;0.480679441083791;1;1;1;1068.32053175775;2166.99507631709;20.5937961595273;1057.24082934609;2175.15683147262;20.1472620946305;1056.09252669039;2170.33807829181;17.019128113879
S1_Ivana-Field-17-Airyscan3DProcessed;3;1401.979488;5;2;0;NaN;NaN;NaN;NaN;NaN;NaN;NaN;NaN;NaN;NaN;NaN;NaN;NaN;NaN;NaN
S1_Ivana-Field-18-Airyscan3DProcessed;1;2179.5872;5;11;7;0.675123288294485;0.556461839145931;0.683263601459991;2;3;5;865.308170090779;1005.33373148591;22.4450549450549;875.697879858657;998.662544169611;19.1572438162544;863.794297352342;1010.85743380855;18.8228105906314
S1_Ivana-Field-18-Airyscan3DProcessed;1;2179.5872;5;11;7;0.344487036556901;0.71677462210956;0.484374395578472;3;5;4;777.484403669725;527.71376146789;23.6816513761468;771.304870715574;525.425135297655;22.0974143114853;772.375912408759;528.727645985401;18.7828467153285
S1_Ivana-Field-18-Airyscan3DProcessed;1;2179.5872;5;11;7;5.96598457079544;5.55036137507703;0.469724584984577;5;9;6;339.241176470588;554.728431372549;36.0421568627451;456.777227722772;646.534653465347;35.5902513328256;447.757046979866;640.952348993289;34.1510067114094
S1_Ivana-Field-18-Airyscan3DProcessed;2;669.601632;3;2;2;1.68496820655162;1.47844027735766;0.252518425056681;3;2;2;2224.73032528856;1467.95173137461;41.211962224554;2195.40235525025;1441.25711481845;45.269872423945;2201.18465655665;1442.01248884924;44.5789473684211
S1_Ivana-Field-18-Airyscan3DProcessed;3;5263.010592;8;14;11;0.40323962832822;0.453767840624838;0.189477965098868;5;2;1;1685.39514563107;1735.74757281553;16.5815533980583;1687.6762295082;1730.28586065574;14.25;1690.34063400576;1733.73832853026;13.721613832853
S1_Ivana-Field-18-Airyscan3DProcessed;3;5263.010592;8;14;11;0.21779681588397;0.870443745845869;0.885019583074094;6;4;3;2362.85129118433;2574.48352626892;19.2822796081923;2358.86226930964;2574.02973342447;18.2313738892686;2374.46666666667;2561.28717948718;15.6179487179487
S1_Ivana-Field-18-Airyscan3DProcessed;3;5263.010592;8;14;11;0.622046882298207;0.686325508388569;0.377492150244792;7;10;7;2596.58545034642;1854.92147806005;23.6370284834488;2610.66632756867;1860.37538148525;22.5747711088505;2609.66868076536;1862.97180261833;21.4531722054381
S1_Ivana-Field-18-Airyscan3DProcessed;3;5263.010592;8;14;11;0.337511533933074;0.650508209559691;0.192445346303287;8;9;6;2145.87770562771;2097.24098124098;24.8005050505051;2147.32947419199;2095.10323203087;22.5055475156778;2148.71690427699;2100.44195519348;20.3177189409369
S1_Ivana-Field-19-Airyscan3DProcessed;2;1156.410976;2;2;2;0.546652685226554;0.843453682875554;0.417778159385099;2;2;2;1145.80029368576;2045.87371512482;43.2608908467939;1140.24081632653;2047.50476190476;39.7244897959184;1146.10978520286;2049.69272076372;37.3365155131265
S1_Ivana-Field-19-Airyscan3DProcessed;3;3593.459296;4;8;9;0.201563237502174;0.739348073067204;0.569010582548248;1;4;4;1990.45647249191;1942.91213592233;22.1695792880259;1990.49279652654;1937.91119005329;21.9930925597;1988.87222647284;1927.72149961744;19.195103289977
S1_Ivana-Field-19-Airyscan3DProcessed;3;3593.459296;4;8;9;0.504794895376952;0.345785658117519;0.16156143620357;3;6;9;1814.84644194757;1725.33801498127;33.748127340824;1815.41152163345;1721.35221195916;30.3308215848323;1815.80027297543;1722.46633303003;31.4344858962693
S1_Ivana-Field-20-Airyscan3DProcessed;1;3529.952832;12;8;3;0.25835997353608;0.496216128542404;0.493416176097394;4;1;3;1072.98356694055;1396.06959884002;23.4146930884485;1076.92061179898;1397.16241806264;21.9854333576111;1071.41513633834;1386.4529771842;21.2209237618253
S1_Ivana-Field-20-Airyscan3DProcessed;1;3529.952832;12;8;3;0.57718688309317;3.72459852681963;3.8826536971525;11;6;2;1189.66816546763;1102.73830935252;40.1654676258993;1201.87246457349;1100.48402333982;38.0622395109753;1127.65766710354;1112.22411533421;20.5048492791612
S1_Ivana-Field-20-Airyscan3DProcessed;2;1000.160224;3;0;1;NaN;NaN;NaN;NaN;NaN;NaN;NaN;NaN;NaN;NaN;NaN;NaN;NaN;NaN;NaN
S1_Ivana-Field-21-Airyscan3DProcessed;1;12024.874848;26;24;21;3.05624735573384;3.11055211181669;0.355518873677884;5;2;1;1013.45223367698;1266.55945017182;17.8852233676976;949.565695437053;1225.07421660253;19.5849367784497;954.031132075472;1217.29150943396;15.1896226415094
S1_Ivana-Field-21-Airyscan3DProcessed;1;12024.874848;26;24;21;0.329381851485025;0.556530117824416;0.712365960088072;6;1;2;2105.13393370377;1211.13853228588;20.5725234719295;2104.00034686091;1214.93166840097;18.5095386749913;2096.25208807897;1212.25056947608;17.5292331055429
S1_Ivana-Field-21-Airyscan3DProcessed;1;12024.874848;26;24;21;0.343381438471761;0.275889374186897;0.461548928106108;8;8;3;1238.64329159213;1452.26296958855;24.7584973166369;1240.12078346028;1456.60137830976;26.8324265505985;1234.19174107143;1454.32946428571;23.3738839285714
S1_Ivana-Field-21-Airyscan3DProcessed;1;12024.874848;26;24;21;0.505685932201354;0.94245293461557;0.546763160527992;12;4;5;1507.70328961514;1319.85250483767;26.1376048161686;1497.88264738598;1315.89432703003;24.1640711902113;1490.49761526232;1316.53153153153;21.637519872814
S1_Ivana-Field-21-Airyscan3DProcessed;1;12024.874848;26;24;21;0.635347859055017;1.15148406126177;0.857196981808042;14;9;4;1405.53773584906;576.471108490566;27.596108490566;1395.8861328125;588.2197265625;28.9087890625;1385.04135802469;591.416049382716;23.7074074074074
S1_Ivana-Field-21-Airyscan3DProcessed;1;12024.874848;26;24;21;0.301532206876525;0.305117219056489;0.259607094511681;15;12;7;822.366485013624;1580.27111716621;30.4343324250681;817.902181097158;1585.50693985459;29.5545274289491;827.8768718802;1577.61369938991;29.132556849695
S1_Ivana-Field-21-Airyscan3DProcessed;1;12024.874848;26;24;21;0.824475409176675;0.637535835444076;0.512217026003936;17;11;8;1146.92042042042;893.332957957958;31.4688438438438;1142.3986679353;912.309229305423;29.5670789724072;1140.74681344148;906.068945538818;29.3748551564311
S1_Ivana-Field-21-Airyscan3DProcessed;1;12024.874848;26;24;21;0.568798129456792;0.571333224459967;0.688631249754948;20;16;12;2225.88297074269;1174.96699174794;35.8090772693173;2230.9332702319;1181.68007572172;32.5309985802177;2219.41247425713;1178.37511032657;32.3036187113857
S1_Ivana-Field-21-Airyscan3DProcessed;1;12024.874848;26;24;21;0.271267098948393;0.809612350805626;0.480474566758319;21;13;14;1162.62397641664;1354.94595479856;36.3550605961349;1158.10530702973;1359.96693525979;36.5270908585718;1143.5582272513;1354.4615747289;34.4186704384724
S1_Ivana-Field-21-Airyscan3DProcessed;2;3150.0448;9;6;6;0.396036285945736;0.515001973399142;0.816768605443305;1;1;2;830.616093068347;2203.07077072225;24.5516238487639;825.416360601002;2199.3265442404;26.7081803005008;839.50772399588;2196.97837281153;22.5396498455201
S1_Ivana-Field-21-Airyscan3DProcessed;2;3150.0448;9;6;6;0.530197816270741;0.517964003659876;0.523262177501238;4;3;3;1200.18222402597;2065.89650974026;32.3226461038961;1212.45912408759;2067.56350364964;33.6686131386861;1210.29171668667;2065.97298919568;30.0108043217287
S1_Ivana-Field-21-Airyscan3DProcessed;2;3150.0448;9;6;6;0.596302665978332;1.0036021038999;0.775896022581589;8;6;4;866.275132275132;1956.34497354497;46.4888888888889;880.190070210632;1951.39368104313;45.9107321965898;876.843569553806;1946.39317585302;40.6419947506562
S1_Ivana-Field-22-Airyscan3DProcessed;1;1054.85744;4;3;2;0.162635869762086;0.37856694646176;0.522814702249386;1;2;1;508.097378277154;963.421615837346;19.4585339753879;504.507820646507;964.285714285714;19.945081682308;512.726147123088;959.98616168973;17.3139111434814
S1_Ivana-Field-22-Airyscan3DProcessed;1;1054.85744;4;3;2;0.511346108412457;0.46992112997895;0.588868422423012;3;3;2;270.989010989011;802.209837781266;23.6049188906332;282.623477297896;797.280177187154;23.0509413067553;269.529145728643;792.965829145729;21.5758793969849
S1_Ivana-Field-22-Airyscan3DProcessed;2;1050.975296;2;3;3;5.00928657051531;0.636158480173882;0.279485515096086;1;3;2;877.242923880187;337.557021159659;42.7999450398461;753.108848314607;340.624297752809;47.4459269662921;878.125396438156;344.949499878019;38.7845816052696
S1_Ivana-Field-22-Airyscan3DProcessed;2;1050.975296;2;3;3;0.672676697881723;0.669945039671967;5.14848734998111;2;2;3;819.982398239824;526.52695269527;44.8723872387239;831.269594850435;515.305187429004;43.3210904960242;828.497656982193;517.677600749766;41.6185567010309
S1_Ivana-Field-22-Airyscan3DProcessed;4;12830.51616;26;26;22;0.193218832789007;0.683703120140163;0.654263749660555;3;1;4;2016.27079077911;1026.83017216224;25.7934053107674;2018.63331760264;1026.63898065125;24.590844738084;2006.92349234923;1017.10891089109;22.7929792979298
S1_Ivana-Field-22-Airyscan3DProcessed;4;12830.51616;26;26;22;0.420214542303589;0.415677094905749;2.98822912096386;4;6;3;2747.65706707086;2603.17051913604;24.8370594922319;2757.46121811556;2606.80270692348;25.1296199895888;2752.83682008368;2605.78900179319;22.3741781231321
S1_Ivana-Field-22-Airyscan3DProcessed;4;12830.51616;26;26;22;1.05416979165078;0.986954129553555;0.455580706311725;7;4;5;1945.39318181818;1275.59829545455;31.7244318181818;1935.90340909091;1259.89806149733;26.3185160427808;1941.22632103689;1268.92323030907;25.0428713858425
S1_Ivana-Field-22-Airyscan3DProcessed;4;12830.51616;26;26;22;0.51424492669473;0.461038545046794;0.493593768866006;10;13;12;1542.96162046908;838.217484008529;35.2174840085288;1534.46117198666;828.690805145307;34.7875178656503;1542.95891608392;828.284090909091;33.5472027972028
S1_Ivana-Field-22-Airyscan3DProcessed;4;12830.51616;26;26;22;3.48822092579719;0.600795998373747;0.429735339522141;11;2;7;1827.71223434808;1125.70132107984;35.2963813900057;1761.39018691589;1091.69450934579;22.3609813084112;1819.15264187867;1125.75244618395;31.7700587084149
S1_Ivana-Field-22-Airyscan3DProcessed;4;12830.51616;26;26;22;2.32753400317286;2.27284728928056;0.382041346888755;12;5;1;2656.911975435;2610.72466734903;37.6223132036847;2650.87000928505;2577.83936861653;24.0157845868152;2663.07798800185;2577.70419935395;24.5283802491924
S1_Ivana-Field-22-Airyscan3DProcessed;4;12830.51616;26;26;22;0.374908808849218;0.596285216201291;0.62442871159713;17;17;17;1770.4262362076;1494.40253371475;43.8009807928075;1769.65712187959;1485.67767988253;42.8476505139501;1758.17658730159;1494.9212962963;41.3783068783069
S1_Ivana-Field-22-Airyscan3DProcessed;4;12830.51616;26;26;22;1.7539677347503;0.836528656631639;1.43251741993335;18;18;14;2514.98541329011;2186.14748784441;42.4905456509995;2472.11472868217;2178.28294573643;41.1201550387597;2501.67081339713;2197.31578947368;39.1665071770335
S1_Ivana-Field-22-Airyscan3DProcessed;4;12830.51616;26;26;22;0.523438293325357;0.895003435548977;0.395803049473941;19;20;15;1605.32268278641;1838.43062751871;46.5572826712723;1608.91784037559;1834.30359937402;43.1611893583725;1611.40227610094;1835.70954972786;40.4542305789213
S1_Ivana-Field-22-Airyscan3DProcessed;4;12830.51616;26;26;22;0.81301760223209;0.753975531298009;0.623409209143709;21;22;20;2229.40776699029;1656.08688075678;48.369429922828;2211.97873684211;1666.53368421053;48.2364210526316;2216.25527192009;1658.70588235294;44.5849056603774
S1_Ivana-Field-23-Airyscan3DProcessed;1;708.647296;3;3;3;0.55966831533204;0.466492345521928;0.567852944720833;1;1;1;1459.82756208465;1543.09164043372;23.3511717383701;1446.04881000403;1543.25494150867;22.6579265832997;1456.9435201401;1548.11295971979;20.4588441330998
S1_Ivana-Field-23-Airyscan3DProcessed;1;708.647296;3;3;3;0.545326852132496;0.279391369972489;0.623381320901578;2;2;2;1067.70253651038;1254.67947732513;26.2755572636433;1071.25762711864;1262.58595641646;29.2818401937046;1074.32712915962;1252.86068809927;25.9148336153412
S1_Ivana-Field-23-Airyscan3DProcessed;1;708.647296;3;3;3;0.440356677921122;0.373199731491887;0.297152587536464;3;3;3;1280.86372826526;1520.76546704408;35.8790942175495;1281.87561294541;1529.39228506048;33.94655116051;1277.7939453125;1523.40625;33.4775390625
S1_Ivana-Field-23-Airyscan3DProcessed;3;624.188544;2;1;0;NaN;NaN;NaN;NaN;NaN;NaN;NaN;NaN;NaN;NaN;NaN;NaN;NaN;NaN;NaN
S1_Ivana-Field-23-Airyscan3DProcessed;4;715.422848;1;3;2;0.625955812589219;0.612429671901083;0.916314174395571;1;1;2;1722.25698827773;1259.20829576195;29.9275623685002;1709.54707233065;1264.82319173364;27.8708381171068;1723.05133928571;1270.36383928571;32.9151785714286
S1_Ivana-Field-24-Airyscan3DProcessed;1;4231.613568;13;7;5;0.201752501119375;0.691733103495192;2.72363019421711;4;5;2;982.723148765844;952.84122748499;21.1180787191461;985.448784082535;948.642593957259;21.2947678703021;996.74568288854;948.26295133438;18.5392464678179
S1_Ivana-Field-24-Airyscan3DProcessed;1;4231.613568;13;7;5;0.967155902967462;1.23426780311616;0.631951036913763;7;4;1;1120.98245614035;225.232456140351;23.8885964912281;1137.22353573348;210.839871037077;20.8420204191295;1132.43352059925;212.429775280899;16.564606741573
S1_Ivana-Field-24-Airyscan3DProcessed;1;4231.613568;13;7;5;0.908619441547188;0.236449602697102;0.59434273492482;8;6;4;725.192478770724;764.804286291953;26.3849575414476;742.923645320197;758.100492610837;22.8088669950739;721.697276757441;765.236225459151;25.0284990500317
S1_Ivana-Field-24-Airyscan3DProcessed;1;4231.613568;13;7;5;3.66302990828582;1.2357081798205;0.948118384820839;12;1;5;1160.08101265823;458.178734177215;37.213164556962;1131.91368788143;470.906713164778;12.5841325196164;1145.65444810544;477.007825370675;31.5584843492586
S1_Ivana-Field-24-Airyscan3DProcessed;2;1604.230432;6;7;5;0.397901334258569;0.528237637039872;0.389674637489993;1;3;2;1967.70729166667;2808.91979166667;15.2395833333333;1977.14750343564;2810.94228126432;14.5547411818598;1976.48969889065;2811.93898573693;12.5570522979398
S1_Ivana-Field-24-Airyscan3DProcessed;2;1604.230432;6;7;5;0.511161442713935;0.63260359555414;0.283726480590352;4;2;1;2172.48257287706;2894.01679340938;17.2614068441065;2174.48497095226;2887.09775195756;14.245516544582;2171.72632944228;2894.84695201038;12.754215304799
S1_Ivana-Field-24-Airyscan3DProcessed;2;1604.230432;6;7;5;0.58940707229697;0.484661184311315;0.584206830699186;5;6;5;2237.83371224424;2395.36862617733;26.9772653458915;2223.50105485232;2397.62869198312;26.243670886076;2234.69376854599;2395.48486646884;23.6338278931751
S1_Ivana-Field-24-Airyscan3DProcessed;3;503.68752;2;2;1;3.54760989110365;3.63136985644843;0.475625753538453;2;1;1;2213.10800939212;2121.72032350639;18.7732846334464;2251.52175293744;2042.10892346777;20.8409018736107;2258.27065677966;2043.00688559322;18.0556144067797
S1_Ivana-Field-24-Airyscan3DProcessed;4;81.117568;0;1;0;NaN;NaN;NaN;NaN;NaN;NaN;NaN;NaN;NaN;NaN;NaN;NaN;NaN;NaN;NaN
S1_Ivana-Field-25-Airyscan3DProcessed;1;7119.553504;22;9;10;0.488852034972908;0.74960608425912;0.360313845070456;2;1;1;1069.9467774534;886.384909050079;15.5549068044015;1064.28001792115;896.741487455197;14.6518817204301;1064.27156862745;900.000980392157;12.252614379085
S1_Ivana-Field-25-Airyscan3DProcessed;1;7119.553504;22;9;10;0.168118232931375;0.393776211907111;0.350596708326357;4;3;5;1013.02257567984;1287.03540277065;19.5238583889174;1016.58970588235;1288.94362745098;19.8495098039216;1020.53954496208;1286.66630552546;17.7107258938245
S1_Ivana-Field-25-Airyscan3DProcessed;1;7119.553504;22;9;10;0.502044201208551;1.00800782203877;0.520265700797874;13;5;6;1225.72735307114;1021.80335837384;24.0114891736633;1218.73188740194;1031.6428241809;23.0309183202584;1214.15996751929;1041.63296792529;21.0418189200162
S1_Ivana-Field-25-Airyscan3DProcessed;2;662.653824;2;2;1;0.430523598026549;0.669161770293214;0.489257622779209;1;1;1;527.606448311157;1730.97543500512;18.3403275332651;536.706060606061;1735.87676767677;17.4823232323232;530.918641390205;1743.31358609795;15.2543443917851
S1_Ivana-Field-25-Airyscan3DProcessed;3;4791.44512;12;11;12;0.805660922682419;0.876240623398348;0.319326991639393;3;6;5;1893.17141429285;716.811594202899;19.5252373813093;1894.28374655647;732.812672176309;23.0059031877214;1899.00539083558;736.403414195867;21.7749326145553
S1_Ivana-Field-25-Airyscan3DProcessed;3;4791.44512;12;11;12;0.225688555281078;0.499592251494002;0.671073817186692;4;3;2;1640.23788840628;561.342465753425;19.9936518543268;1642.99635399403;561.935034802784;18.5976135233676;1640.46759259259;562.355555555556;16.4375
S1_Ivana-Field-25-Airyscan3DProcessed;3;4791.44512;12;11;12;1.91481521226435;2.41189269101664;0.293256577655666;9;5;4;2115.92879534259;414.034930586655;28.9677563815495;2151.82390745501;420.34147386461;20.0998286203942;2161.68026254102;433.574777308955;19.2334739803094
S1_Ivana-Field-25-Airyscan3DProcessed;3;4791.44512;12;11;12;0.831730972975569;0.681964506550383;1.01923298032268;11;10;8;2160.75970873786;826.83306364617;33.9840884573894;2145.65710080942;814.213024282561;32.0673289183223;2163.43983184446;829.537572254335;29.2359432475039
S1_Ivana-Field-25-Airyscan3DProcessed;3;4791.44512;12;11;12;0.16027182052611;0.303642062828902;0.198336511939281;12;11;12;2025.57690368129;1351.37846696924;42.8769541099344;2023.43177892919;1350.04317789292;41.9884858952216;2025.89920159681;1349.70459081836;40.7634730538922
S1_Ivana-Field-25-Airyscan3DProcessed;4;791.836864;1;2;1;0.38060858822521;0.620759641500923;0.703413128216278;1;1;1;1918.06966213863;2818.24625566005;15.3921978404737;1908.93689199302;2815.66849588426;15.1928161636318;1919.97533300444;2810.85989146522;11.5308337444499
S1_Ivana-Field-25-Airyscan3DProcessed;5;69.781152;0;0;1;NaN;NaN;NaN;NaN;NaN;NaN;NaN;NaN;NaN;NaN;NaN;NaN;NaN;NaN;NaN