"image_ID";"DAPI_ID";"DAPI_volume";"nFC1";"nFC2";"nFC3";"MNN_D_FC1FC2";"MNN_D_FC1FC3";"MNN_D_FC2FC3";"ID_FC1";"ID_FC2";"ID_FC3";"xFC1";"yFC1";"zFC1";"xFC2";"yFC2";"zFC2";"xFC3";"yFC3";"zFC3"
"NPC_wt_rep1_Probes_Zfp_10kb_Airyscan_4y_01";1;"736.32272";1;3;3;"0.193074393592764";"0.388268524363702";"0.426331832444834";1;2;3;"109.313794845882";"1364.4214249621";"15.2304194037393";"110.687834224599";"1366.77941176471";"14.0929144385027";"101.083475298126";"1369.55934128336";"15.1476433844407"
"NPC_wt_rep1_Probes_Zfp_10kb_Airyscan_4y_01";2;"58.316832";1;1;1;"1.35086949571979";"3.9675906949147";"3.82345991194997";1;1;1;"149.598598598599";"2391.14814814815";"5.56856856856857";"142.582834331337";"2363.19560878244";"10.5988023952096";"51.872216330859";"2376.90455991516";"2.93001060445387"
"NPC_wt_rep1_Probes_Zfp_10kb_Airyscan_4y_01";3;"83.762112";0;0;1;"NaN";"NaN";"NaN";NA;NA;NA;"NaN";"NaN";"NaN";"NaN";"NaN";"NaN";"NaN";"NaN";"NaN"
"NPC_wt_rep1_Probes_Zfp_10kb_Airyscan_4y_01";4;"263.05664";1;1;1;"4.97585884857117";"0.737273580649742";"4.29757664577012";1;1;1;"516.122068550812";"358.094407696933";"14.907396271798";"635.357192494788";"368.826268241835";"5.25086865879083";"531.708699902248";"366.158357771261";"13.297165200391"
"NPC_wt_rep1_Probes_Zfp_10kb_Airyscan_4y_01";6;"174.706336";0;0;1;"NaN";"NaN";"NaN";NA;NA;NA;"NaN";"NaN";"NaN";"NaN";"NaN";"NaN";"NaN";"NaN";"NaN"
"NPC_wt_rep1_Probes_Zfp_10kb_Airyscan_4y_01";7;"137.150272";0;0;1;"NaN";"NaN";"NaN";NA;NA;NA;"NaN";"NaN";"NaN";"NaN";"NaN";"NaN";"NaN";"NaN";"NaN"
"NPC_wt_rep1_Probes_Zfp_10kb_Airyscan_4y_01";8;"11341.477504";42;32;38;"0.135516877563789";"2.06776202631766";"2.08910524042869";6;4;24;"1763.03920421299";"592.722059684026";"4.55119953188999";"1765.2842435094";"595.257385854969";"4.57967770814682";"1779.74324324324";"567.608108108108";"16.5462304409673"
"NPC_wt_rep1_Probes_Zfp_10kb_Airyscan_4y_01";8;"11341.477504";42;32;38;"0.248239470483777";"0.539693445527489";"0.687579115422992";18;10;6;"1697.5296912114";"2004.90617577197";"9.76900237529691";"1692.65444584914";"2008.53982300885";"10.1238938053097";"1699.10153256705";"2001.09770114943";"6.09818007662835"
"NPC_wt_rep1_Probes_Zfp_10kb_Airyscan_4y_01";8;"11341.477504";42;32;38;"3.09077606581251";"2.7093870684135";"1.44243152340741";19;28;34;"1999.10758196721";"1623.96413934426";"10.4436475409836";"2048.40911225928";"1651.15594175669";"25.5636449037107";"2044.99212598425";"1644.46153846154";"23.4191399152029"
"NPC_wt_rep1_Probes_Zfp_10kb_Airyscan_4y_01";8;"11341.477504";42;32;38;"0.351869310794574";"0.379393883316821";"0.40462109182191";20;16;15;"2390.22994652406";"900.32766164317";"11.4477394263491";"2397.32602118003";"895.217851739788";"11.1739788199697";"2392.75287704422";"899.169594185342";"8.8564506359782"
"NPC_wt_rep1_Probes_Zfp_10kb_Airyscan_4y_01";8;"11341.477504";42;32;38;"4.86702626217395";"8.93267048171333";"3.26628972122281";21;21;12;"2275.12708333333";"1267.31875";"11.5958333333333";"2222.18696883853";"1376.16997167139";"15.1382436260623";"2165.05203252033";"1461.08130081301";"7.45609756097561"
"NPC_wt_rep1_Probes_Zfp_10kb_Airyscan_4y_01";8;"11341.477504";42;32;38;"1.24107885447235";"4.2209893349959";"3.9074642415683";22;18;28;"1516.22222222222";"1113.25701459035";"14.2452300785634";"1496.1455566905";"1136.51072522983";"15.4862104187947";"1503.54425711275";"1213.21548998946";"23.2033719704953"
"NPC_wt_rep1_Probes_Zfp_10kb_Airyscan_4y_01";8;"11341.477504";42;32;38;"0.275714995088592";"1.27675496030671";"4.23268671644037";24;14;18;"1939.46577946768";"1575.27376425856";"12.4847908745247";"1941.93252811329";"1569.31195335277";"11.7917534360683";"1908.21731748727";"1581.76004527448";"12.634974533107"
"NPC_wt_rep1_Probes_Zfp_10kb_Airyscan_4y_01";8;"11341.477504";42;32;38;"0.163186650456189";"3.89959562588175";"0.25426604451561";28;19;25;"1556.63547646383";"2302.63203214696";"15.5539609644087";"1555.60589444825";"2303.85058259082";"14.4811514736121";"1475.3641221374";"2249.36946564886";"17.8099236641221"
"NPC_wt_rep1_Probes_Zfp_10kb_Airyscan_4y_01";8;"11341.477504";42;32;38;"0.512659935378682";"0.388814294944785";"0.50031798066919";33;26;30;"1571.7216957606";"521.62493765586";"24.0588528678304";"1583.31514856308";"525.923039454457";"23.0949829517779";"1566.118287373";"527.464804063861";"22.5206821480406"
"NPC_wt_rep1_Probes_Zfp_10kb_Airyscan_4y_01";8;"11341.477504";42;32;38;"0.28915256522357";"0.346636869065223";"0.695297789684803";34;23;29;"1649.54702702703";"651.513513513514";"21.5081081081081";"1642.39059537353";"652.32499051953";"21.6848691695108";"1643.05647636587";"652.193370165746";"19.8790669122161"
"NPC_wt_rep1_Probes_Zfp_10kb_Airyscan_4y_01";8;"11341.477504";42;32;38;"0.665961960556414";"0.533718258857188";"0.424880926080961";36;25;31;"2243.31143114311";"445.962196219622";"23.9252925292529";"2254.60116834838";"456.569304301646";"22.182156133829";"2243.88558352403";"452.881006864989";"20.6697177726926"
"NPC_wt_rep1_Probes_Zfp_10kb_Airyscan_4y_01";8;"11341.477504";42;32;38;"0.430611815533883";"1.63687222982188";"1.28340528697649";42;32;37;"1434.61218836565";"1066.12396121884";"40.255540166205";"1429.1192517537";"1067.38308651598";"37.6348402182385";"1421.71618204804";"1051.1201011378";"30.0208596713021"
"NPC_wt_rep1_Probes_Zfp_10kb_Airyscan_4y_01";9;"62.614272";0;0;0;"NaN";"NaN";"NaN";NA;NA;NA;"NaN";"NaN";"NaN";"NaN";"NaN";"NaN";"NaN";"NaN";"NaN"
"NPC_wt_rep1_Probes_Zfp_10kb_Airyscan_4y_01";10;"59.987648";0;0;0;"NaN";"NaN";"NaN";NA;NA;NA;"NaN";"NaN";"NaN";"NaN";"NaN";"NaN";"NaN";"NaN";"NaN"
"NPC_wt_rep1_Probes_Zfp_10kb_Airyscan_4y_01";11;"189.989856";0;1;0;"NaN";"NaN";"NaN";NA;NA;NA;"NaN";"NaN";"NaN";"NaN";"NaN";"NaN";"NaN";"NaN";"NaN"
"NPC_wt_rep1_Probes_Zfp_10kb_Airyscan_4y_01";12;"376.065088";2;2;1;"1.53161153807049";"2.96262646645366";"4.14975499986654";1;1;1;"2054.5566951567";"2705.89116809117";"15.5874643874644";"2084.1695052717";"2681.64720194647";"15.242497972425";"2036.71020856202";"2760.35126234907";"28.9926820343944"
"NPC_wt_rep1_Probes_Zfp_10kb_Airyscan_4y_01";13;"387.868096";1;1;4;"2.57421942012145";"0.411964169033088";"2.82795560130677";1;1;3;"2588.66422354558";"325.300961978928";"24.9092991296381";"2538.732856291";"290.518187239117";"30.8932617769827";"2594.35391198044";"322.951711491443";"22.5501222493888"
"NPC_wt_rep1_Probes_Zfp_10kb_Airyscan_4y_02";1;"492.896096";3;3;2;"0.134180385957731";"0.326798927124496";"0.207724042942056";1;1;1;"517.46322671025";"1002.62502918515";"24.7520429605417";"517.398660556926";"1001.36235459993";"23.8642932675361";"520.20522875817";"1000.42287581699";"22.6450980392157"
"NPC_wt_rep1_Probes_Zfp_10kb_Airyscan_4y_02";1;"492.896096";3;3;2;"0.120170757589215";"0.24081218165109";"0.156381061119714";2;2;2;"597.263071895425";"1060.83594771242";"30.2954248366013";"597.721383647799";"1058.55911949686";"29.7509433962264";"598.613466334165";"1059.25080156751";"28.6815105094407"
"NPC_wt_rep1_Probes_Zfp_10kb_Airyscan_4y_02";2;"339.155712";2;2;2;"0.698799718648394";"0.753352232819053";"0.659521552880032";1;1;1;"647.879095163807";"266.09984399376";"18.5585023400936";"636.868888888889";"272.307222222222";"15.1127777777778";"652.186170212766";"270.34219858156";"13.4621749408983"
"NPC_wt_rep1_Probes_Zfp_10kb_Airyscan_4y_02";2;"339.155712";2;2;2;"0.318727004746839";"0.623107972348996";"0.492511684069347";2;2;2;"625.010817307692";"186.085336538462";"35.9909855769231";"624.56974248927";"182.343347639485";"33.9849785407725";"631.112645348837";"190.375";"32.0835755813954"
"NPC_wt_rep1_Probes_Zfp_10kb_Airyscan_4y_02";3;"418.601568";1;2;3;"0.503600510495639";"1.39720998645707";"1.39619569416683";1;2;2;"569.655283802492";"2290.98800184587";"14.3567143516382";"562.683760683761";"2285.13995726496";"11.8707264957265";"587.128378378378";"2260.88935810811";"13.5050675675676"
"NPC_wt_rep1_Probes_Zfp_10kb_Airyscan_4y_02";5;"81.368672";0;0;1;"NaN";"NaN";"NaN";NA;NA;NA;"NaN";"NaN";"NaN";"NaN";"NaN";"NaN";"NaN";"NaN";"NaN"
"NPC_wt_rep1_Probes_Zfp_10kb_Airyscan_4y_02";6;"88.86976";0;1;1;"NaN";"NaN";"NaN";NA;NA;NA;"NaN";"NaN";"NaN";"NaN";"NaN";"NaN";"NaN";"NaN";"NaN"
"NPC_wt_rep1_Probes_Zfp_10kb_Airyscan_4y_02";7;"665.023296";2;3;3;"0.719876295307062";"0.398299798270708";"0.522964721276745";1;1;1;"1190.10430596416";"2099.79566729072";"5.98609253811179";"1202.50444186945";"2089.31479335651";"3.76786404016995";"1193.4734001542";"2098.64302235929";"3.32922127987664"
"NPC_wt_rep1_Probes_Zfp_10kb_Airyscan_4y_02";8;"88.83392";0;0;0;"NaN";"NaN";"NaN";NA;NA;NA;"NaN";"NaN";"NaN";"NaN";"NaN";"NaN";"NaN";"NaN";"NaN"
"NPC_wt_rep1_Probes_Zfp_10kb_Airyscan_4y_02";9;"1208.075904";5;3;4;"0.363014564161183";"0.225744418630892";"0.187891047401567";1;2;2;"1457.93715731759";"1677.60480809785";"4.8059890341628";"1466.90234059726";"1679.00564971751";"4.85149313962873";"1462.81773093614";"1679.4996900186";"4.20396776193428"
"NPC_wt_rep1_Probes_Zfp_10kb_Airyscan_4y_02";10;"878.942624";4;2;4;"0.221947474284857";"0.437070908945593";"0.419232287124569";3;1;2;"1494.48327759197";"755.658862876254";"17.1714046822742";"1495.25451208321";"750.166717650658";"17.1223615784644";"1495.893996755";"752.508923742564";"14.2093023255814"
"NPC_wt_rep1_Probes_Zfp_10kb_Airyscan_4y_02";10;"878.942624";4;2;4;"0.992420528193942";"0.432267069971926";"0.794008895750426";4;2;3;"1618.15861763403";"570.403633141338";"22.2813469206912";"1618.1374301676";"595.198882681564";"22.5298882681564";"1622.4245049505";"577.47400990099";"20.289603960396"
"NPC_wt_rep1_Probes_Zfp_10kb_Airyscan_4y_02";11;"610.269408";3;2;3;"0.52518978006525";"0.277690442415726";"0.540671400543551";1;1;1;"1319.49790794979";"2655.29288702929";"19.3054393305439";"1315.66141732283";"2657.87825560266";"15.7946698970321";"1324.32562125107";"2651.99443016281";"18.2360754070266"
"NPC_wt_rep1_Probes_Zfp_10kb_Airyscan_4y_02";11;"610.269408";3;2;3;"0.490510595406233";"0.540194200613568";"0.600737677848696";3;2;3;"1261.4387755102";"2777.21978021978";"33.3265306122449";"1254.6236529428";"2787.2462006079";"32.7996684166897";"1260.18132975151";"2779.26695768972";"29.5295500335796"
"NPC_wt_rep1_Probes_Zfp_10kb_Airyscan_4y_02";12;"421.34512";2;2;0;"NaN";"NaN";"NaN";NA;NA;NA;"NaN";"NaN";"NaN";"NaN";"NaN";"NaN";"NaN";"NaN";"NaN"
"NPC_wt_rep1_Probes_Zfp_10kb_Airyscan_4y_02";13;"626.470208";2;2;4;"0.258671690133088";"0.535406741529415";"0.504544237784255";2;2;3;"1814.09479305741";"291.371495327103";"28.5230307076101";"1810.68160676533";"285.933192389006";"28.3027484143763";"1808.99314061734";"290.635472807447";"24.9936305732484"
"NPC_wt_rep1_Probes_Zfp_10kb_Airyscan_4y_02";14;"1541.346016";6;4;5;"0.3760764118038";"0.526811571351844";"0.901405319445274";5;3;2;"1891.93886097152";"2362.02261306533";"17.5586264656616";"1889.69502762431";"2363.66740331492";"20.1245856353591";"1896.44406196213";"2359.25186460126";"14.1124497991968"
"NPC_wt_rep1_Probes_Zfp_10kb_Airyscan_4y_02";15;"948.17296";3;4;4;"0.291914971568933";"0.549280234655413";"0.505370747604094";1;3;4;"2220.30129716981";"1140.07576650943";"34.5807783018868";"2218.52221290863";"1135.68398994132";"32.9949706621961";"2230.68970013038";"1137.30443285528";"32.1401564537158"
"NPC_wt_rep1_Probes_Zfp_10kb_Airyscan_4y_02";15;"948.17296";3;4;4;"0.974302272372382";"0.932957403697177";"0.590613897816205";3;4;3;"1787.66765358993";"1100.54552183568";"38.3841598815692";"1777.38219895288";"1122.46422338569";"37.6244328097731";"1778.90554254489";"1115.51209992194";"33.928181108509"
"NPC_wt_rep1_Probes_Zfp_10kb_Airyscan_4y_02";16;"93.111424";1;1;1;"0.0513675281594708";"0.0780905396198368";"0.0909288271241779";1;1;1;"1814.46617129449";"1629.46695346109";"11.7356276886977";"1813.18253599628";"1629.42963307013";"11.737111007896";"1814.33095684803";"1629.92983114447";"11.1951219512195"
"NPC_wt_rep1_Probes_Zfp_10kb_Airyscan_4y_02";17;"108.408832";0;1;1;"NaN";"NaN";"NaN";NA;NA;NA;"NaN";"NaN";"NaN";"NaN";"NaN";"NaN";"NaN";"NaN";"NaN"
"NPC_wt_rep1_Probes_Zfp_10kb_Airyscan_4y_02";18;"76.46576";0;0;0;"NaN";"NaN";"NaN";NA;NA;NA;"NaN";"NaN";"NaN";"NaN";"NaN";"NaN";"NaN";"NaN";"NaN"
"NPC_wt_rep1_Probes_Zfp_10kb_Airyscan_4y_02";20;"683.635008";2;3;4;"1.41633969188197";"2.05729572029882";"3.44175483304437";1;1;1;"2349.53966699314";"1621.32517140059";"7.94123408423115";"2357.728";"1589.68171428571";"4.05085714285714";"2350.33583912798";"1665.78331140763";"15.3264423980455"
"NPC_wt_rep1_Probes_Zfp_10kb_Airyscan_4y_02";21;"845.984384";3;5;1;"0.423175133611259";"0.721771878904116";"0.707521039584125";3;4;1;"2508.58260869565";"977.957033248082";"33.8470588235294";"2507.522";"967.431";"33.856";"2505.03556100552";"972.343347639485";"29.0533415082771"
"NPC_wt_rep1_Probes_Zfp_10kb_Airyscan_4y_02";22;"122.424736";1;0;1;"NaN";"NaN";"NaN";NA;NA;NA;"NaN";"NaN";"NaN";"NaN";"NaN";"NaN";"NaN";"NaN";"NaN"
"NPC_wt_rep1_Probes_Zfp_10kb_Airyscan_4y_02";24;"137.965856";1;0;1;"NaN";"NaN";"NaN";NA;NA;NA;"NaN";"NaN";"NaN";"NaN";"NaN";"NaN";"NaN";"NaN";"NaN"
"NPC_wt_rep1_Probes_Zfp_10kb_Airyscan_4y_02";25;"138.055232";0;0;0;"NaN";"NaN";"NaN";NA;NA;NA;"NaN";"NaN";"NaN";"NaN";"NaN";"NaN";"NaN";"NaN";"NaN"
"NPC_wt_rep1_Probes_Zfp_10kb_Airyscan_4y_02";26;"221.21568";3;1;1;"5.46511325678298";"5.6627844134552";"0.210243535796553";2;1;1;"842.198525798526";"2616.42751842752";"40.3164619164619";"978.690557939914";"2618.77725321888";"38.7111587982833";"983.692643051771";"2618.73623978202";"39.1722070844687"
"NPC_wt_rep1_Probes_Zfp_10kb_Airyscan_4y_03";1;"286.422304";1;1;2;"0.94095492166833";"0.671351324696571";"0.319320697757776";1;1;2;"128.588640275387";"670.818932874355";"36.0853700516351";"142.96321712874";"664.947021685424";"31.0365083722207";"137.517792302106";"663.312273057371";"32.637618010167"
"NPC_wt_rep1_Probes_Zfp_10kb_Airyscan_4y_03";2;"162.617504";0;0;0;"NaN";"NaN";"NaN";NA;NA;NA;"NaN";"NaN";"NaN";"NaN";"NaN";"NaN";"NaN";"NaN";"NaN"
"NPC_wt_rep1_Probes_Zfp_10kb_Airyscan_4y_03";3;"348.956384";1;1;2;"0.20791995455915";"0.985093786817696";"0.795405948913977";1;1;2;"147.278002378121";"2192.32271105826";"35.9029726516052";"146.559162106058";"2194.31024721646";"34.5461407812795";"135.275890985325";"2202.01970649895";"30.4188679245283"
"NPC_wt_rep1_Probes_Zfp_10kb_Airyscan_4y_03";4;"284.88768";1;2;0;"NaN";"NaN";"NaN";NA;NA;NA;"NaN";"NaN";"NaN";"NaN";"NaN";"NaN";"NaN";"NaN";"NaN"
"NPC_wt_rep1_Probes_Zfp_10kb_Airyscan_4y_03";5;"153.799072";1;1;1;"3.64963399964939";"2.93506957608883";"1.00427489145143";1;1;1;"245.702203269367";"501.837953091684";"29.9594882729211";"287.101851851852";"433.002057613169";"17.5956790123457";"278.296337402886";"439.42730299667";"24.0577136514983"
"NPC_wt_rep1_Probes_Zfp_10kb_Airyscan_4y_03";6;"220.404128";1;2;1;"0.447367453194053";"0.605841456657173";"0.297462152744312";1;1;1;"496.855158730159";"2910.26388888889";"40.1071428571429";"491.721497447533";"2905.63528077141";"37.5950085082246";"494.809229037704";"2908.53066966798";"35.848058525605"
"NPC_wt_rep1_Probes_Zfp_10kb_Airyscan_4y_03";7;"200.23024";1;1;1;"5.0881674102661";"5.13270444946792";"1.24338543051813";1;1;1;"714.788104089219";"1356.29182156134";"9.5817843866171";"721.355607205113";"1483.09122603138";"11.7890761185357";"744.172518159806";"1480.49757869249";"5.80326876513317"
"NPC_wt_rep1_Probes_Zfp_10kb_Airyscan_4y_03";8;"366.189824";1;1;3;"0.288818964826273";"0.625238246683093";"0.417051183218688";1;1;3;"646.672268907563";"2500.86470588235";"36.1613445378151";"649.986565158979";"2498.49529780564";"34.4581280788177";"645.398473282443";"2497.98015267176";"31.7871755725191"
"NPC_wt_rep1_Probes_Zfp_10kb_Airyscan_4y_03";9;"281.098272";0;1;1;"NaN";"NaN";"NaN";NA;NA;NA;"NaN";"NaN";"NaN";"NaN";"NaN";"NaN";"NaN";"NaN";"NaN"
"NPC_wt_rep1_Probes_Zfp_10kb_Airyscan_4y_03";10;"2179.677696";7;8;6;"0.0865343006900202";"5.10114266891422";"5.0181857008695";5;4;1;"943.784836065574";"871.897540983607";"31.2172131147541";"944.954350927247";"870.202567760342";"31.027817403709";"991.878892733564";"775.76955017301";"11.6089965397924"
"NPC_wt_rep1_Probes_Zfp_10kb_Airyscan_4y_03";10;"2179.677696";7;8;6;"0.288891705303413";"0.594563498966951";"0.342521099733807";7;8;6;"875.023188405797";"612.166183574879";"36.9371980676328";"869.137168141593";"614.784955752212";"36.0044247787611";"866.181526104418";"622.029718875502";"35.0104417670683"
"NPC_wt_rep1_Probes_Zfp_10kb_Airyscan_4y_03";11;"1483.134016";7;6;10;"0.650416457720615";"0.869013235502161";"0.226806050127145";4;2;5;"1003.95945174186";"2735.949743004";"31.9086236436322";"1007.00495321959";"2729.23995597138";"27.7671986791414";"1008.15264270613";"2728.60422832981";"26.1911205073996"
"NPC_wt_rep1_Probes_Zfp_10kb_Airyscan_4y_03";11;"1483.134016";7;6;10;"3.30381241475954";"3.52555500020284";"0.286775110522854";6;4;8;"849.301069372087";"2162.40773238278";"39.0268714011516";"839.842729970326";"2235.99901088032";"28.6587537091988";"837.780496209511";"2242.65230875258";"29.1436940041351"
"NPC_wt_rep1_Probes_Zfp_10kb_Airyscan_4y_03";11;"1483.134016";7;6;10;"0.689574897639431";"0.537933199406723";"0.885391854088019";7;6;9;"1025.89499809087";"2734.73501336388";"50.1970217640321";"1021.50940438871";"2751.28996865204";"50.7609717868339";"1015.35852006253";"2732.54611776967";"47.8926524231371"
"NPC_wt_rep1_Probes_Zfp_10kb_Airyscan_4y_03";12;"348.132512";1;3;2;"0.38746988961645";"0.318734467897596";"0.164617945212835";1;1;1;"1179.02408211607";"2177.78523489933";"19.0509277536518";"1172.55207740467";"2184.35173591349";"18.2020489470689";"1175.56927536232";"2182.70260869565";"17.5559420289855"
"NPC_wt_rep1_Probes_Zfp_10kb_Airyscan_4y_03";13;"325.042816";2;2;1;"0.464288727638602";"0.772460538518524";"0.362951761083516";2;2;1;"1260.69367088608";"148.656329113924";"48.8430379746835";"1254.68219461698";"155.094202898551";"46.6832298136646";"1256.41451766953";"161.166189111748";"44.8213944603629"
"NPC_wt_rep1_Probes_Zfp_10kb_Airyscan_4y_03";14;"447.210848";2;1;0;"NaN";"NaN";"NaN";NA;NA;NA;"NaN";"NaN";"NaN";"NaN";"NaN";"NaN";"NaN";"NaN";"NaN"
"NPC_wt_rep1_Probes_Zfp_10kb_Airyscan_4y_03";15;"110.18224";0;1;0;"NaN";"NaN";"NaN";NA;NA;NA;"NaN";"NaN";"NaN";"NaN";"NaN";"NaN";"NaN";"NaN";"NaN"
"NPC_wt_rep1_Probes_Zfp_10kb_Airyscan_4y_03";16;"262.480512";1;1;0;"NaN";"NaN";"NaN";NA;NA;NA;"NaN";"NaN";"NaN";"NaN";"NaN";"NaN";"NaN";"NaN";"NaN"
"NPC_wt_rep1_Probes_Zfp_10kb_Airyscan_4y_03";17;"411.1408";2;2;2;"4.15909549743415";"1.61845277103208";"3.54960331282183";2;2;2;"1736.62125902993";"752.073271413829";"33.1372549019608";"1655.98881866796";"713.351725814293";"17.9907632474477";"1709.4724111867";"775.391912320484";"27.744142101285"
"NPC_wt_rep1_Probes_Zfp_10kb_Airyscan_4y_03";18;"762.473152";3;3;6;"0.966254294462487";"0.642549073128912";"1.35138318098785";2;2;1;"1715.63974020702";"2691.84655977268";"20.5220215141059";"1738.06285572878";"2690.36228656273";"23.0539470428112";"1715.34366453965";"2692.58462473412";"15.9380127620784"
"NPC_wt_rep1_Probes_Zfp_10kb_Airyscan_4y_03";18;"762.473152";3;3;6;"0.426065861010059";"0.429208329417349";"0.56455969955479";3;3;3;"1873.47104767035";"2772.76003231888";"33.0829517910046";"1873.51611438947";"2783.40762596459";"33";"1865.06381435823";"2773.99709934735";"31.211022480058"
"NPC_wt_rep1_Probes_Zfp_10kb_Airyscan_4y_03";19;"1915.729312";6;5;8;"6.00471365368162";"5.99084645584192";"0.279366487418198";2;3;6;"1771.31712789828";"1817.99551234106";"6.51159311892296";"1819.2432012432";"1932.45551670552";"30.6495726495727";"1822.26531728665";"1937.44967177243";"27.828227571116"
"NPC_wt_rep1_Probes_Zfp_10kb_Airyscan_4y_03";19;"1915.729312";6;5;8;"0.436587429486667";"0.483470111859428";"0.458841364911514";4;2;4;"2594.42824601367";"1815.49259681093";"27.3513667425968";"2599.77913533835";"1823.52976190476";"25.8972431077694";"2593.35555555556";"1824.97291666667";"25.23125"
"NPC_wt_rep1_Probes_Zfp_10kb_Airyscan_4y_03";19;"1915.729312";6;5;8;"3.40396731718898";"0.368791407901786";"3.38565970820189";5;4;7;"2164.09977151561";"1993.69687738005";"30.4973343488195";"2087.40303358613";"1957.2730227519";"32.1332611050921";"2167.11232130701";"1985.0108917631";"30.2988427501702"
"NPC_wt_rep1_Probes_Zfp_10kb_Airyscan_4y_03";19;"1915.729312";6;5;8;"0.945685238213807";"1.10826279457734";"0.346211955183879";6;5;8;"2520.70060571099";"1794.98990481684";"41.8298240553793";"2539.19877942459";"1802.66216216216";"38.2395379250218";"2537.18440082645";"1802.45532024793";"35.8352272727273"
"NPC_wt_rep1_Probes_Zfp_10kb_Airyscan_4y_03";20;"391.735904";2;2;2;"0.174505747667467";"0.559132083796281";"0.435109764432352";1;1;1;"1918.35118823086";"197.619388909845";"11.8823085628065";"1917.32739861523";"197.89779096604";"10.6732607978899";"1923.45512195122";"195.056585365854";"8.23707317073171"
"NPC_wt_rep1_Probes_Zfp_10kb_Airyscan_4y_03";20;"391.735904";2;2;2;"0.664463330659516";"0.485572071116353";"0.808419883401586";2;2;2;"1831.94374475231";"139.977329974811";"32.808564231738";"1821.90506329114";"152.18841285297";"31.3500486854917";"1838.82473639213";"142.16215445996";"30.0202336848105"
"NPC_wt_rep1_Probes_Zfp_10kb_Airyscan_4y_03";21;"319.250176";1;1;1;"0.434444725476803";"1.6073278377102";"1.8960027750927";1;1;1;"2265.53240460327";"926.062992125984";"29.6123561477892";"2261.25368632708";"917.008042895442";"28.411528150134";"2269.90638169777";"934.236604455147";"40.7835641180012"
"NPC_wt_rep1_Probes_Zfp_10kb_Airyscan_4y_03";22;"706.447168";5;5;4;"0.309896889522887";"0.239773685436273";"0.179324202656463";2;1;1;"2326.75715800636";"515.566277836691";"18.9416755037116";"2324.83807228916";"510.240963855422";"20.4530120481928";"2327.52380952381";"509.875047619048";"19.4327619047619"
"NPC_wt_rep1_Probes_Zfp_10kb_Airyscan_4y_03";22;"706.447168";5;5;4;"0.323449874935276";"0.535841691330478";"0.657497252634566";4;3;3;"2338.69115890084";"513.329151732378";"40.8757467144564";"2340.94271911663";"520.555555555556";"41.6887508626639";"2345.01288404361";"514.242319127849";"37.5113974231913"
"NPC_wt_rep1_Probes_Zfp_10kb_Airyscan_4y_03";25;"70.092064";0;0;1;"NaN";"NaN";"NaN";NA;NA;NA;"NaN";"NaN";"NaN";"NaN";"NaN";"NaN";"NaN";"NaN";"NaN"
"NPC_wt_rep1_Probes_Zfp_10kb_Airyscan_4y_03";26;"74.600512";0;0;0;"NaN";"NaN";"NaN";NA;NA;NA;"NaN";"NaN";"NaN";"NaN";"NaN";"NaN";"NaN";"NaN";"NaN"
"NPC_wt_rep1_Probes_Zfp_10kb_Airyscan_4y_04";1;"1509.95712";5;5;4;"0.175939315";"4.023390712";"3.861097958";1;1;2;"136.773535";"1985.802647";"12.78714556";"140.3317747";"1988.367401";"12.88087286";"232.0178955";"2010.708661";"18.68074445"
"NPC_wt_rep1_Probes_Zfp_10kb_Airyscan_4y_04";1;"1509.95712";5;5;4;"0.098592105";"0.349183341";"0.303542753";3;3;4;"341.1993418";"1894.893747";"32.34790785";"340.6908236";"1893.323522";"31.82488251";"339.9522958";"1897.155635";"29.96541443"
"NPC_wt_rep1_Probes_Zfp_10kb_Airyscan_4y_04";1;"1509.95712";5;5;4;"0.252288098";"0.838632114";"0.912497975";4;4;3;"491.0554113";"1689.117749";"35.96969697";"495.3289077";"1693.732046";"36.10561255";"492.9837209";"1684.992248";"30.12248062"
"NPC_wt_rep1_Probes_Zfp_10kb_Airyscan_4y_04";2;"6822.364416";30;29;32;"0.324436149";"0.185831362";"0.158420643";8;11;13;"2238.70806";"654.124466";"20.21902592";"2234.777992";"647.0916988";"19.9507722";"2236.856509";"650.3184185";"19.67174542"
"NPC_wt_rep1_Probes_Zfp_10kb_Airyscan_4y_04";2;"6822.364416";30;29;32;"2.383318229";"1.1734543";"0.558824158";12;19;8;"669.3266833";"962.9260183";"21.6475478";"644.9568755";"909.7396257";"24.87306753";"657.9202226";"975.1725417";"14.76345083"
"NPC_wt_rep1_Probes_Zfp_10kb_Airyscan_4y_04";2;"6822.364416";30;29;32;"0.635012223";"1.48369338";"0.850670337";16;17;22;"966.8323581";"670.5696314";"25.8782914";"981.5494212";"665.0578807";"25.23597507";"1001.076093";"656.6951157";"24.94344473"
"NPC_wt_rep1_Probes_Zfp_10kb_Airyscan_4y_04";2;"6822.364416";30;29;32;"0.145269452";"0.641012478";"3.020335916";18;16;17;"740.3990525";"578.9125364";"26.72813411";"737.4521338";"577.5474817";"26.26374471";"736.52833";"578.3672962";"22.28777336"
"NPC_wt_rep1_Probes_Zfp_10kb_Airyscan_4y_04";2;"6822.364416";30;29;32;"0.576406556";"0.660237879";"0.684187771";24;28;28;"675.8517911";"457.3249824";"40.94427535";"675.3384537";"442.9723502";"40.60727087";"678.9520819";"451.3870668";"36.63410095"
"NPC_wt_rep1_Probes_Zfp_10kb_Airyscan_4y_04";2;"6822.364416";30;29;32;"0.7418938";"2.763075038";"2.299152131";25;25;25;"1375.508475";"879.0251099";"37.84055242";"1373.459909";"861.0373909";"36.68882426";"1334.150943";"842.7314095";"25.90899001"
"NPC_wt_rep1_Probes_Zfp_10kb_Airyscan_4y_04";2;"6822.364416";30;29;32;"3.618934725";"4.207418843";"0.666027306";27;22;26;"1289.318349";"987.1990826";"40.76697248";"1279.238158";"906.4245241";"29.48472776";"1269.21405";"892.7392562";"28.85867769"
"NPC_wt_rep1_Probes_Zfp_10kb_Airyscan_4y_04";3;"1550.82144";5;5;7;"0.239021736";"1.397626815";"1.471034274";1;1;3;"763.174301";"1877.737061";"11.8030934";"766.5238095";"1875.564039";"10.53284072";"785.935412";"1896.430586";"17.17371938"
"NPC_wt_rep1_Probes_Zfp_10kb_Airyscan_4y_04";3;"1550.82144";5;5;7;"0.299249693";"0.247875745";"0.17583949";3;3;4;"988.4087786";"1797.387405";"17.80381679";"986.71324";"1801.139083";"16.01909612";"985.2039612";"1797.120944";"16.29034977"
"NPC_wt_rep1_Probes_Zfp_10kb_Airyscan_4y_04";3;"1550.82144";5;5;7;"0.813191558";"0.852298593";"0.067438528";4;4;2;"834.3160997";"1797.311278";"23.25529065";"846.4332724";"1798.723949";"18.60877514";"845.9320087";"1798.363862";"18.16050916"
"NPC_wt_rep1_Probes_Zfp_10kb_Airyscan_4y_04";4;"985.729024";3;4;5;"0.712082587";"0.688124885";"0.407083613";1;3;2;"918.9648961";"2905.162587";"19.76166282";"902.611697";"2902.236817";"17.93384468";"912.6749831";"2907.846258";"15.25151719"
"NPC_wt_rep1_Probes_Zfp_10kb_Airyscan_4y_04";4;"985.729024";3;4;5;"2.985601938";"3.184516048";"0.594471653";3;1;3;"1287.967862";"2774.275031";"36.55541821";"1290.012422";"2790.660943";"15.75812934";"1299.020553";"2793.718577";"14.72490119"
"NPC_wt_rep1_Probes_Zfp_10kb_Airyscan_4y_04";5;"220.380832";1;1;1;"0.50776291";"2.41922537";"2.589634593";1;1;1;"1922.986661";"2617.978324";"15.52563568";"1924.349306";"2606.913889";"13.79097222";"1863.769986";"2629.646564";"14.41374474"
"NPC_wt_rep1_Probes_Zfp_10kb_Airyscan_4y_04";6;"118.378624";0;0;1;"NaN";"NaN";"NaN";NA;NA;NA;"NaN";"NaN";"NaN";"NaN";"NaN";"NaN";"NaN";"NaN";"NaN"
"NPC_wt_rep1_Probes_Zfp_10kb_Airyscan_4y_04";7;"941.30176";4;3;2;"0.567244996";"2.659296638";"2.706567579";4;3;2;"2476.919236";"446.9346549";"26.36490455";"2487.309476";"451.6673387";"23.96169355";"2502.912008";"385.9285714";"25.00828157"
"NPC_wt_rep1_Probes_Zfp_10kb_Airyscan_4y_04";8;"186.183424";0;1;0;"NaN";"NaN";"NaN";NA;NA;NA;"NaN";"NaN";"NaN";"NaN";"NaN";"NaN";"NaN";"NaN";"NaN"
"NPC_wt_rep1_Probes_Zfp_10kb_Airyscan_4y_04";10;"334.669216";1;2;1;"0.271538764";"0.623481391";"0.392469667";1;2;1;"837.9707572";"2323.264752";"24.39686684";"838.4987849";"2321.63548";"22.5200486";"833.4807344";"2316.701577";"20.56658909"
"NPC_wt_rep1_Probes_Zfp_10kb_Airyscan_4y_04";11;"76.050688";0;0;0;"NaN";"NaN";"NaN";NA;NA;NA;"NaN";"NaN";"NaN";"NaN";"NaN";"NaN";"NaN";"NaN";"NaN"
"NPC_wt_rep1_Probes_Zfp_10kb_Airyscan_4y_05";1;"3733.470944";12;13;12;"2.20965946";"0.436750566";"0.736270156";1;4;4;"909.1597978";"1597.620918";"17.38063764";"903.1436997";"1636.672922";"28.41072386";"902.7966245";"1603.167089";"19.35949367"
"NPC_wt_rep1_Probes_Zfp_10kb_Airyscan_4y_05";1;"3733.470944";12;13;12;"0.647917936";"0.536923919";"1.844490068";4;2;5;"1219.208193";"1986.61022";"22.73690878";"1232.324154";"1995.687648";"21.93154996";"1214.341114";"1997.381777";"20.91942771"
"NPC_wt_rep1_Probes_Zfp_10kb_Airyscan_4y_05";1;"3733.470944";12;13;12;"0.608059852";"2.831457097";"2.879038594";6;5;7;"1063.759394";"2106.358273";"31.58404746";"1056.950102";"2111.139511";"27.9490835";"1125.981053";"2122.487018";"23.11298246"
"NPC_wt_rep1_Probes_Zfp_10kb_Airyscan_4y_05";1;"3733.470944";12;13;12;"0.451421885";"3.371572269";"0.415127621";7;7;1;"1225.32634";"1837.952448";"33.47692308";"1229.194727";"1845.769922";"31.43079688";"1213.438296";"1802.082762";"11.95004897"
"NPC_wt_rep1_Probes_Zfp_10kb_Airyscan_4y_05";1;"3733.470944";12;13;12;"0.598700693";"0.471043485";"3.299867258";8;6;10;"990.2954545";"1706.602273";"34.37373737";"986.8449345";"1693.742247";"32.42039972";"984.0859684";"1703.392292";"31.66600791"
"NPC_wt_rep1_Probes_Zfp_10kb_Airyscan_4y_05";1;"3733.470944";12;13;12;"0.288108888";"0.364620563";"0.133339264";9;9;11;"824.2592419";"2309.953673";"46.28544689";"823.1199377";"2305.809969";"44.63395639";"822.7747813";"2302.560496";"44.82215743"
"NPC_wt_rep1_Probes_Zfp_10kb_Airyscan_4y_05";2;"468.097728";2;3;2;"0.46376629";"0.745363184";"0.421440948";1;2;2;"1355.959059";"314.8270518";"18.6422422";"1351.285848";"322.3036551";"16.49109653";"1358.24992";"328.4239026";"15.06103813"
"NPC_wt_rep1_Probes_Zfp_10kb_Airyscan_4y_05";3;"2030.447552";7;9;6;"0.09988634";"0.448292935";"0.439872284";4;5;4;"2111.918022";"1644.46748";"20.04471545";"2111.016432";"1642.469819";"20.38665325";"2118.473601";"1636.339638";"18.88179669"
"NPC_wt_rep1_Probes_Zfp_10kb_Airyscan_4y_05";3;"2030.447552";7;9;6;"0.436557199";"3.23534148";"3.137633215";7;7;2;"1941.172884";"1465.44677";"34.30482257";"1933.852431";"1457.369213";"34.45543981";"1937.453089";"1432.53852";"13.22120519"
"NPC_wt_rep1_Probes_Zfp_10kb_Airyscan_4y_05";4;"580.317248";2;2;0;"NaN";"NaN";"NaN";NA;NA;NA;"NaN";"NaN";"NaN";"NaN";"NaN";"NaN";"NaN";"NaN";"NaN"
"NPC_wt_rep1_Probes_Zfp_10kb_Airyscan_4y_05";5;"77.61936";0;0;1;"NaN";"NaN";"NaN";NA;NA;NA;"NaN";"NaN";"NaN";"NaN";"NaN";"NaN";"NaN";"NaN";"NaN"
"NPC_wt_rep1_Probes_Zfp_10kb_Airyscan_4y_05";6;"695.456384";2;1;0;"NaN";"NaN";"NaN";NA;NA;NA;"NaN";"NaN";"NaN";"NaN";"NaN";"NaN";"NaN";"NaN";"NaN"
"NPC_wt_rep1_Probes_Zfp_10kb_Airyscan_4y_05";7;"314.374144";3;3;2;"0.49021226";"0.580485448";"0.404952265";1;2;1;"2836.340319";"1218.870914";"15.86295054";"2828.17674";"1212.296703";"14.0485348";"2835.748509";"1212.580517";"12.13021869"
"NPC_wt_rep1_Probes_Zfp_10kb_Airyscan_4y_05";7;"314.374144";3;3;2;"0.156002185";"0.542510584";"0.426099309";3;3;2;"2741.192726";"1163.308455";"33.27775154";"2738.742213";"1163.09667";"32.41299678";"2740.158294";"1159.859415";"29.54174196"
"NPC_wt_rep1_Probes_Zfp_10kb_Airyscan_4y_05";10;"337.777664";2;3;1;"0.250669836";"2.886980083";"2.642514706";2;2;1;"506.4395604";"1568.09707";"18.51098901";"507.1412826";"1561.875752";"18.58917836";"506.6499215";"1496.623234";"15.64521193"
"NPC_wt_rep1_Probes_Zfp_10kb_Airyscan_4y_05";11;"901.340608";4;4;5;"1.206135349";"0.954941279";"0.45360772";1;1;2;"929.0936735";"2658.726319";"28.70325061";"917.4807187";"2686.498685";"28.20333041";"917.0803765";"2677.475742";"26.24402607"
"NPC_wt_rep1_Probes_Zfp_10kb_Airyscan_4y_05";11;"901.340608";4;4;5;"0.187637918";"0.415041467";"0.334138702";3;2;4;"301.4237353";"2912.203499";"35.76036516";"298.4257028";"2912.236278";"34.72958501";"302.1022077";"2906.932134";"33.21422731"
"NPC_wt_rep1_Probes_Zfp_10kb_Airyscan_4y_05";12;"241.95136";1;1;0;"NaN";"NaN";"NaN";NA;NA;NA;"NaN";"NaN";"NaN";"NaN";"NaN";"NaN";"NaN";"NaN";"NaN"
"NPC_wt_rep1_Probes_Zfp_10kb_Airyscan_4y_05";13;"94.214624";0;0;0;"NaN";"NaN";"NaN";NA;NA;NA;"NaN";"NaN";"NaN";"NaN";"NaN";"NaN";"NaN";"NaN";"NaN"
"NPC_wt_rep1_Probes_Zfp_10kb_Airyscan_4y_05";14;"52.4608";0;0;0;"NaN";"NaN";"NaN";NA;NA;NA;"NaN";"NaN";"NaN";"NaN";"NaN";"NaN";"NaN";"NaN";"NaN"
"NPC_wt_rep1_Probes_Zfp_10kb_Airyscan_4y_05";15;"74.219264";0;1;0;"NaN";"NaN";"NaN";NA;NA;NA;"NaN";"NaN";"NaN";"NaN";"NaN";"NaN";"NaN";"NaN";"NaN"
"NPC_wt_rep1_Probes_Zfp_10kb_Airyscan_4y_05";16;"105.746368";0;1;1;"NaN";"NaN";"NaN";NA;NA;NA;"NaN";"NaN";"NaN";"NaN";"NaN";"NaN";"NaN";"NaN";"NaN"
"NPC_wt_rep1_Probes_Zfp_10kb_Airyscan_4y_05";17;"58.038176";0;0;0;"NaN";"NaN";"NaN";NA;NA;NA;"NaN";"NaN";"NaN";"NaN";"NaN";"NaN";"NaN";"NaN";"NaN"
"NPC_wt_rep1_Probes_Zfp_10kb_Airyscan_4y_05";18;"102.866176";0;0;1;"NaN";"NaN";"NaN";NA;NA;NA;"NaN";"NaN";"NaN";"NaN";"NaN";"NaN";"NaN";"NaN";"NaN"
"NPC_wt_rep1_Probes_Zfp_10kb_Airyscan_4y_06";1;"380.723616";1;2;2;"0.369866360992821";"4.47474015392772";"4.58298217612307";1;1;1;"1199.32546786005";"424.492270138324";"23.9344995931652";"1201.10292193633";"421.394679459224";"21.4976013955517";"1274.2038439138";"505.855562026791";"28.7815958066395"
"NPC_wt_rep1_Probes_Zfp_10kb_Airyscan_4y_06";3;"374.970624";3;3;2;"0.326295892353937";"0.440432572593202";"0.212830075536321";2;2;1;"1573.49486166008";"1853.6604743083";"16.1276679841897";"1575.54125694741";"1858.68576314664";"14.387345019239";"1571.05587668593";"1860.80269749518";"13.8369942196532"
"NPC_wt_rep1_Probes_Zfp_10kb_Airyscan_4y_06";3;"374.970624";3;3;2;"0.267507885528946";"0.960075114081684";"0.734377177901554";3;3;2;"1443.27942998761";"1878.82032218092";"22.6920693928129";"1443.9678111588";"1874.07725321888";"21.3594420600858";"1434.44222222222";"1864.23407407407";"17.8666666666667"
"NPC_wt_rep1_Probes_Zfp_10kb_Airyscan_4y_06";4;"2631.655264";12;10;4;"0.466903746814045";"0.946936240461422";"0.436966380039215";7;7;3;"2052.57863205192";"682.941088367449";"23.5501747378932";"2043.13372093023";"685.355481727575";"21.7159468438538";"2039.23722943723";"677.497835497835";"18.1835497835498"
"NPC_wt_rep1_Probes_Zfp_10kb_Airyscan_4y_06";4;"2631.655264";12;10;4;"4.05406852800093";"4.38418930560517";"0.606338064613369";9;2;2;"1924.83935151069";"1178.84819454679";"25.8422991893884";"2012.89621676892";"1207.39672801636";"14.0511247443763";"2018.00692574067";"1216.78645632936";"13.4090034628703"
"NPC_wt_rep1_Probes_Zfp_10kb_Airyscan_4y_06";4;"2631.655264";12;10;4;"0.491811580123183";"1.27097771197299";"0.843076888179503";12;8;4;"2028.9568627451";"694.472549019608";"40.6696078431373";"2021.3890806401";"702.043928459366";"38.9416379039849";"2004.75749500333";"702.4363757495";"35.2441705529647"
"NPC_wt_rep1_Probes_Zfp_10kb_Airyscan_4y_06";5;"432.495392";2;2;2;"0.265867581146364";"0.462970381591575";"0.316240921435477";2;2;1;"1706.41268243583";"225.149974836437";"32.2430800201308";"1704.19085411943";"222.281557067271";"30.6519274376417";"1709.77608530084";"223.706016755522";"29.1058644325971"
"NPC_wt_rep1_Probes_Zfp_10kb_Airyscan_4y_06";6;"477.412768";2;2;3;"0.418435306142217";"0.937230778339369";"0.687330912741045";1;1;3;"2556.85330319015";"558.493594574228";"25.9161014820397";"2554.08895370033";"568.57345971564";"25.7932920160408";"2559.54869888476";"577.801486988848";"29.6297397769517"
"NPC_wt_rep1_Probes_Zfp_10kb_Airyscan_4y_06";6;"477.412768";2;2;3;"0.306939934850667";"0.790082514124786";"0.813029058210824";2;2;2;"2199.84231274639";"391.744634253176";"26.1279018834866";"2205.20475113122";"386.985294117647";"25.3467194570136";"2195.93256059009";"394.572181243414";"20.6554267650158"
"NPC_wt_rep1_Probes_Zfp_10kb_Airyscan_4y_06";7;"333.0264";1;2;2;"0.408070043687442";"0.346638633760349";"0.313857145216725";1;1;1;"2303.72218259629";"2077.1772467903";"14.2478601997147";"2298.71350051529";"2074.07351425627";"11.8684300927516";"2305.3017868961";"2078.33355393779";"11.8358702845797"
"NPC_wt_rep1_Probes_Zfp_10kb_Airyscan_4y_06";8;"398.595008";1;2;3;"1.77738409046145";"1.78600792214501";"0.222432744998722";1;2;3;"2582.46438095238";"2306.57219047619";"14.7958095238095";"2595.32850241546";"2266.67632850242";"19.0072463768116";"2596.82760389944";"2265.38635197537";"17.5223191380195"
"NPC_wt_rep1_Probes_Zfp_10kb_Airyscan_4y_06";10;"340.276384";0;0;0;"NaN";"NaN";"NaN";NA;NA;NA;"NaN";"NaN";"NaN";"NaN";"NaN";"NaN";"NaN";"NaN";"NaN"
"NPC_wt_rep1_Probes_Zfp_10kb_Airyscan_4y_06";11;"305.991168";0;1;2;"NaN";"NaN";"NaN";NA;NA;NA;"NaN";"NaN";"NaN";"NaN";"NaN";"NaN";"NaN";"NaN";"NaN"
"NPC_wt_rep1_Probes_Zfp_10kb_Airyscan_4y_06";12;"213.760512";2;2;1;"0.138998333796774";"0.415666387679778";"0.313548139894119";1;2;1;"2297.04116094987";"2336.42761653474";"14.838874230431";"2298.28459119497";"2333.86635220126";"14.2696540880503";"2297.09831460674";"2332.49391385768";"12.0908239700375"
"NPC_wt_rep1_Probes_Zfp_10kb_Airyscan_4y_06";13;"391.079136";1;2;1;"0.365353485997905";"1.76947900950132";"1.55429132433524";1;1;1;"600.212169735789";"1541.54563650921";"18.1937550040032";"602.425108763207";"1547.73896830329";"16.3828464885022";"577.119758216849";"1575.23687193049";"13.3403853418965"
"NPC_wt_rep1_Probes_Zfp_10kb_Airyscan_4y_06";14;"303.046016";2;1;0;"NaN";"NaN";"NaN";NA;NA;NA;"NaN";"NaN";"NaN";"NaN";"NaN";"NaN";"NaN";"NaN";"NaN"
"NPC_wt_rep1_Probes_Zfp_10kb_Airyscan_4y_06";15;"75.650848";0;0;0;"NaN";"NaN";"NaN";NA;NA;NA;"NaN";"NaN";"NaN";"NaN";"NaN";"NaN";"NaN";"NaN";"NaN"
"NPC_wt_rep1_Probes_Zfp_10kb_Airyscan_4y_06";16;"85.63856";1;1;0;"NaN";"NaN";"NaN";NA;NA;NA;"NaN";"NaN";"NaN";"NaN";"NaN";"NaN";"NaN";"NaN";"NaN"
"NPC_wt_rep1_Probes_Zfp_10kb_Airyscan_4y_06";17;"303.277184";1;0;1;"NaN";"NaN";"NaN";NA;NA;NA;"NaN";"NaN";"NaN";"NaN";"NaN";"NaN";"NaN";"NaN";"NaN"
"NPC_wt_rep1_Probes_Zfp_10kb_Airyscan_4y_06";18;"1027.169472";2;5;3;"0.114268966358551";"0.380767055362708";"0.33271175198367";2;4;3;"416.169910410874";"2108.44794562867";"30.9786839666358";"414.76372865713";"2110.91185971389";"30.8827872634979";"417.228451882845";"2114.01478382148";"28.7933054393305"
"NPC_wt_rep1_Probes_Zfp_10kb_Airyscan_4y_06";19;"317.76864";2;1;2;"0.174060618879888";"0.463851180445415";"0.604794647550076";1;1;2;"1226.74079320113";"2562.38621340888";"22.6331444759207";"1230.26211643246";"2564.91826785202";"22.5322626899914";"1223.80121042831";"2551.34683426443";"22.0642458100559"
"NPC_wt_rep1_Probes_Zfp_10kb_Airyscan_4y_06";20;"53.815552";0;1;0;"NaN";"NaN";"NaN";NA;NA;NA;"NaN";"NaN";"NaN";"NaN";"NaN";"NaN";"NaN";"NaN";"NaN"
"NPC_wt_rep1_Probes_Zfp_10kb_Airyscan_4y_06";21;"130.638816";1;0;1;"NaN";"NaN";"NaN";NA;NA;NA;"NaN";"NaN";"NaN";"NaN";"NaN";"NaN";"NaN";"NaN";"NaN"
"NPC_wt_rep1_Probes_Zfp_10kb_Airyscan_4y_06";22;"67.7264";1;0;1;"NaN";"NaN";"NaN";NA;NA;NA;"NaN";"NaN";"NaN";"NaN";"NaN";"NaN";"NaN";"NaN";"NaN"
"NPC_wt_rep1_Probes_Zfp_10kb_Airyscan_4y_06";23;"81.296096";0;0;0;"NaN";"NaN";"NaN";NA;NA;NA;"NaN";"NaN";"NaN";"NaN";"NaN";"NaN";"NaN";"NaN";"NaN"
"NPC_wt_rep1_Probes_Zfp_10kb_Airyscan_4y_06";24;"52.129728";0;0;0;"NaN";"NaN";"NaN";NA;NA;NA;"NaN";"NaN";"NaN";"NaN";"NaN";"NaN";"NaN";"NaN";"NaN"
"NPC_wt_rep1_Probes_Zfp_10kb_Airyscan_4y_06";25;"52.475808";0;0;0;"NaN";"NaN";"NaN";NA;NA;NA;"NaN";"NaN";"NaN";"NaN";"NaN";"NaN";"NaN";"NaN";"NaN"
"NPC_wt_rep1_Probes_Zfp_10kb_Airyscan_4y_07";1;"5522.737472";17;21;20;"0.943923490558163";"0.381502952579536";"1.20096207116332";4;3;6;"1053.89817376868";"995.888212506918";"13.6474820143885";"1049.91474103586";"986.315059760956";"19.7040637450199";"1058.26625659051";"1002.65992970123";"12.1898066783831"
"NPC_wt_rep1_Probes_Zfp_10kb_Airyscan_4y_07";1;"5522.737472";17;21;20;"0.863730992671528";"1.40655807675544";"1.28286386582644";5;2;9;"1283.84140826873";"1951.90891472868";"13.6159560723514";"1279.94586655476";"1973.10952580781";"13.2513638271087";"1309.86462093863";"1975.54873646209";"13.423285198556"
"NPC_wt_rep1_Probes_Zfp_10kb_Airyscan_4y_07";1;"5522.737472";17;21;20;"0.319247717865832";"0.538338877533173";"0.320748343738454";6;4;10;"1330.86860391661";"1600.28111181301";"14.7694251421352";"1337.65747460087";"1597.96298984035";"13.7699564586357";"1337.01700680272";"1591.30782312925";"12.5051020408163"
"NPC_wt_rep1_Probes_Zfp_10kb_Airyscan_4y_07";1;"5522.737472";17;21;20;"3.31624554536182";"0.633816984485347";"3.65870375948013";7;11;2;"444.039668700959";"1872.04533565824";"17.4869224062772";"423.175473579262";"1791.84945164506";"18.2283150548355";"442.502390265102";"1879.74228596262";"13.5541069100391"
"NPC_wt_rep1_Probes_Zfp_10kb_Airyscan_4y_07";1;"5522.737472";17;21;20;"5.8311438356247";"0.253374859575783";"0.599884468800511";10;20;14;"1481.61926397092";"1650.68218991368";"21.6610631531122";"1431.34745762712";"1782.99529190207";"31.6299435028249";"1478.09554455446";"1655.94356435644";"21.6153465346535"
"NPC_wt_rep1_Probes_Zfp_10kb_Airyscan_4y_07";1;"5522.737472";17;21;20;"0.261410476945515";"0.745389650416164";"2.09042027239142";11;16;12;"1283.42344290657";"938.867647058824";"22.9455017301038";"1277.16141732283";"938.442913385827";"22.4251968503937";"1282.71649759744";"930.008008542445";"18.2658836091831"
"NPC_wt_rep1_Probes_Zfp_10kb_Airyscan_4y_07";1;"5522.737472";17;21;20;"0.259862536081129";"0.838682782961903";"3.29229754721386";13;12;11;"757.698637051994";"1599.3397274104";"22.8566380615851";"756.082214765101";"1603.64093959732";"21.5444630872483";"746.117156862745";"1612.10833333333";"19.446568627451"
"NPC_wt_rep1_Probes_Zfp_10kb_Airyscan_4y_07";1;"5522.737472";17;21;20;"0.152101763717197";"2.17880383595887";"0.708722961835915";14;14;5;"1235.6698757764";"897.145652173913";"24.0630434782609";"1236.52324431256";"894.186449060336";"23.4258160237389";"1208.18915343915";"879.910052910053";"11.5608465608466"
"NPC_wt_rep1_Probes_Zfp_10kb_Airyscan_4y_07";1;"5522.737472";17;21;20;"0.636460302907415";"3.59597237649201";"5.59372562373579";15;15;15;"919.62676056338";"1831.0060362173";"24.0704225352113";"916.238377843719";"1815.8981206726";"23.0227497527201";"980.342995169082";"1764.81753994797";"25.1586770717206"
"NPC_wt_rep1_Probes_Zfp_10kb_Airyscan_4y_07";2;"357.946624";3;2;1;"0.849578198932848";"1.34578265009696";"0.514146765366466";2;2;1;"1973.24371584699";"876.906557377049";"16.7459016393443";"1959.07438016529";"882.905785123967";"12.5628099173554";"1950.04474272931";"882.280760626398";"9.95525727069351"
"NPC_wt_rep1_Probes_Zfp_10kb_Airyscan_4y_07";3;"271.956832";1;1;0;"NaN";"NaN";"NaN";NA;NA;NA;"NaN";"NaN";"NaN";"NaN";"NaN";"NaN";"NaN";"NaN";"NaN"
"NPC_wt_rep1_Probes_Zfp_10kb_Airyscan_4y_07";4;"1150.530528";4;5;5;"0.321495295427732";"0.517918991554727";"0.315479489853343";2;4;4;"2344.91916651698";"1509.47063050117";"35.4223100413149";"2337.93637327678";"1505.4920466596";"35.3923647932131";"2335.74488752556";"1511.94734151329";"32.909509202454"
"NPC_wt_rep1_Probes_Zfp_10kb_Airyscan_4y_07";4;"1150.530528";4;5;5;"2.93613909429909";"2.70395004526206";"0.441795331857329";3;3;3;"2206.44734693878";"1827.72326530612";"31.3885714285714";"2153.01716581446";"1780.08984660336";"26.7432432432432";"2160.52553277041";"1780.08805790109";"27.4330518697226"
"NPC_wt_rep1_Probes_Zfp_10kb_Airyscan_4y_07";5;"257.888736";2;1;1;"0.0997242087693777";"0.316147071601199";"0.34383883114796";1;1;1;"2322.01816118048";"884.052213393871";"32.2604994324631";"2323.18518518519";"882.020792722547";"32.0168940870695";"2315.5272";"883.4824";"30.9824"
"NPC_wt_rep1_Probes_Zfp_10kb_Airyscan_4y_07";8;"328.694912";1;1;2;"5.93327741259836";"6.23852531965333";"0.544944568488274";1;1;1;"296.688311688312";"473.94005994006";"15.1028971028971";"412.366400608134";"565.76548840745";"19.0311668567085";"416.931314957072";"573.213737008586";"16.0442837776774"
"NPC_wt_rep1_Probes_Zfp_10kb_Airyscan_4y_07";9;"206.957184";1;1;0;"NaN";"NaN";"NaN";NA;NA;NA;"NaN";"NaN";"NaN";"NaN";"NaN";"NaN";"NaN";"NaN";"NaN"
"NPC_wt_rep1_Probes_Zfp_10kb_Airyscan_4y_10";1;"2245.284832";5;5;5;"0.136052393";"0.294446499";"0.298693829";3;4;2;"508.4332198";"440.3011729";"18.69315172";"505.8527778";"441.8173611";"19.15486111";"502.8920771";"439.1948608";"17.34518201"
"NPC_wt_rep1_Probes_Zfp_10kb_Airyscan_4y_10";2;"1124.789344";5;5;5;"0.393794429";"1.118887586";"0.851618376";3;3;4;"577.8516097";"2045.856137";"27.38279678";"573.1107298";"2054.468314";"27.53283002";"580.1516291";"2072.382206";"24.93295739"
"NPC_wt_rep1_Probes_Zfp_10kb_Airyscan_4y_10";3;"380.579136";0;1;1;"NaN";"NaN";"NaN";NA;NA;NA;"NaN";"NaN";"NaN";"NaN";"NaN";"NaN";"NaN";"NaN";"NaN"
"NPC_wt_rep1_Probes_Zfp_10kb_Airyscan_4y_10";4;"358.042048";1;3;4;"0.776982904";"0.607472261";"1.036217033";1;1;1;"603.2401832";"2625.821662";"18.74640052";"613.9063915";"2610.436839";"20.22697534";"606.5967816";"2625.216092";"14.51816092"
"NPC_wt_rep1_Probes_Zfp_10kb_Airyscan_4y_10";5;"451.95584";2;2;0;"NaN";"NaN";"NaN";NA;NA;NA;"NaN";"NaN";"NaN";"NaN";"NaN";"NaN";"NaN";"NaN";"NaN"
"NPC_wt_rep1_Probes_Zfp_10kb_Airyscan_4y_10";6;"323.521856";1;2;2;"0.452315875";"1.643316343";"1.321267203";1;1;1;"932.418223";"661.8783248";"27.11205433";"940.7373965";"658.559067";"25.13995485";"957.531574";"676.2846371";"18.78416588"
"NPC_wt_rep1_Probes_Zfp_10kb_Airyscan_4y_10";7;"339.98608";3;2;2;"0.687400339";"0.890608753";"0.28348597";2;1;1;"1057.954813";"2179.136215";"39.19056974";"1053.437643";"2168.597826";"35.53318078";"1055.124544";"2169.08896";"33.57148982"
"NPC_wt_rep1_Probes_Zfp_10kb_Airyscan_4y_10";7;"339.98608";3;2;2;"0.480897307";"3.799929346";"3.833705366";3;2;2;"1108.865215";"2299.057024";"41.22239502";"1108.578862";"2300.303659";"37.80691057";"1150.400624";"2214.112383";"38.60561915"
"NPC_wt_rep1_Probes_Zfp_10kb_Airyscan_4y_10";8;"513.072";1;1;1;"3.627900786";"0.36343665";"3.5732538";1;1;1;"1209.694643";"2570.158929";"28.71709184";"1157.098303";"2498.270893";"33.5975024";"1205.609549";"2568.955823";"26.42391789"
"NPC_wt_rep1_Probes_Zfp_10kb_Airyscan_4y_10";9;"2113.112064";9;13;4;"0.498792843";"0.756159966";"0.271515079";2;3;1;"1551.297271";"2418.239766";"15.82748538";"1558.162791";"2412.463892";"13.35312118";"1563.416026";"2411.50494";"12.15587267"
"NPC_wt_rep1_Probes_Zfp_10kb_Airyscan_4y_10";10;"2814.060928";11;6;11;"0.594439436";"0.745545766";"0.248262161";1;1;3;"1623.092657";"1012.344726";"12.40160214";"1619.348259";"1002.380597";"9.438640133";"1613.829787";"1002.93617";"8.642777156"
"NPC_wt_rep1_Probes_Zfp_10kb_Airyscan_4y_10";10;"2814.060928";11;6;11;"5.923618352";"5.655430465";"0.407831764";2;4;11;"1646.215521";"1359.741468";"13.94717158";"1563.603024";"1471.850875";"28.33946042";"1571.281646";"1471.084388";"26.65295359"
"NPC_wt_rep1_Probes_Zfp_10kb_Airyscan_4y_10";10;"2814.060928";11;6;11;"0.329637182";"0.540237502";"0.388621091";3;2;4;"1965.703854";"704.6754564";"13.92494929";"1958.322015";"704.7458927";"12.87842278";"1962.136499";"702.4441147";"10.25816024"
"NPC_wt_rep1_Probes_Zfp_10kb_Airyscan_4y_10";11;"296.940896";1;2;1;"0.531650233";"0.92727746";"0.596176087";1;2;1;"1647.337719";"364.0091707";"24.9138756";"1646.942982";"373.752193";"22.33333333";"1660.449224";"375.92949";"20.64345898"
"NPC_wt_rep1_Probes_Zfp_10kb_Airyscan_4y_10";12;"249.572736";1;1;1;"9.362248022";"2.564223377";"7.674427873";1;1;1;"2293.55713";"228.0682019";"19.41009743";"2208.168091";"10.20940171";"17.88319088";"2281.378333";"183.2475";"6.785833333"
"NPC_wt_rep1_Probes_Zfp_10kb_Airyscan_4y_10";13;"906.519488";4;3;4;"0.24448142";"1.874915465";"2.111307253";1;1;2;"2333.237004";"1482.412335";"22.11894273";"2327.660854";"1480.055322";"21.87853277";"2370.722684";"1504.527316";"27.09085511"
"NPC_wt_rep1_Probes_Zfp_10kb_Airyscan_4y_10";13;"906.519488";4;3;4;"0.304087727";"7.113303196";"6.985917477";2;2;1;"2499.134668";"1686.365332";"26.23202171";"2501.527763";"1682.376581";"24.51401869";"2674.964602";"1683.838496";"18.66261062"
"NPC_wt_rep1_Probes_Zfp_10kb_Airyscan_4y_10";14;"484.293376";3;2;4;"0.852121108";"0.39519394";"0.649628811";1;1;2;"2556.895361";"613.6938981";"10.96822995";"2569.318757";"596.8994246";"9.775604143";"2561.374359";"610.4805861";"8.625641026"
"NPC_wt_rep1_Probes_Zfp_10kb_Airyscan_4y_10";15;"54.798912";0;0;0;"NaN";"NaN";"NaN";NA;NA;NA;"NaN";"NaN";"NaN";"NaN";"NaN";"NaN";"NaN";"NaN";"NaN"
"NPC_wt_rep1_Probes_Zfp_10kb_Airyscan_4y_10";16;"216.899648";1;1;2;"0.420389579";"0.728692071";"0.308669664";1;1;2;"2845.838198";"1499.324239";"33.45050761";"2849.822785";"1505.45608";"31.29382432";"2852.293401";"1509.987817";"29.65482234"
"NPC_wt_rep1_Probes_Zfp_10kb_Airyscan_4y_10";17;"301.973952";0;0;1;"NaN";"NaN";"NaN";NA;NA;NA;"NaN";"NaN";"NaN";"NaN";"NaN";"NaN";"NaN";"NaN";"NaN"
"NPC_wt_rep1_Probes_Zfp_10kb_Airyscan_4y_10";18;"52.21104";0;0;0;"NaN";"NaN";"NaN";NA;NA;NA;"NaN";"NaN";"NaN";"NaN";"NaN";"NaN";"NaN";"NaN";"NaN"
"NPC_wt_rep1_Probes_Zfp_10kb_Airyscan_4y_10";19;"392.635488";1;2;0;"NaN";"NaN";"NaN";NA;NA;NA;"NaN";"NaN";"NaN";"NaN";"NaN";"NaN";"NaN";"NaN";"NaN"
"NPC_wt_rep1_Probes_Zfp_10kb_Airyscan_4y_10";20;"62.60912";0;1;1;"NaN";"NaN";"NaN";NA;NA;NA;"NaN";"NaN";"NaN";"NaN";"NaN";"NaN";"NaN";"NaN";"NaN"
"NPC_wt_rep1_Probes_Zfp_10kb_Airyscan_4y_12";1;"522.466336";2;2;2;"2.43876487";"0.546312959";"2.106510668";1;1;1;"1133.748393";"601.0693297";"31.62809917";"1191.95417";"583.6103046";"30.2137774";"1139.981239";"591.6543491";"29.43263218"
"NPC_wt_rep1_Probes_Zfp_10kb_Airyscan_4y_12";1;"522.466336";2;2;2;"0.445444158";"0.673270942";"0.597550019";2;2;2;"1129.640449";"467.6685393";"37.06460674";"1119.364162";"463.8509955";"37.62427746";"1119.48274";"464.2346278";"33.35760518"
"NPC_wt_rep1_Probes_Zfp_10kb_Airyscan_4y_12";2;"62.753824";0;0;0;"NaN";"NaN";"NaN";NA;NA;NA;"NaN";"NaN";"NaN";"NaN";"NaN";"NaN";"NaN";"NaN";"NaN"
"NPC_wt_rep1_Probes_Zfp_10kb_Airyscan_4y_12";3;"2012.975104";5;7;7;"0.438341943";"0.554730123";"0.417663672";1;1;1;"1263.699547";"2026.452458";"13.99611902";"1255.768851";"2033.481325";"13.1987315";"1263.264992";"2036.743112";"11.34278768"
"NPC_wt_rep1_Probes_Zfp_10kb_Airyscan_4y_12";4;"389.871104";2;3;2;"0.362682163";"1.447571789";"1.310569317";1;1;1;"1902.083642";"1634.728957";"14.25251456";"1897.242188";"1634.98989";"12.06341912";"1872.701326";"1613.805304";"13.41730635"
"NPC_wt_rep1_Probes_Zfp_10kb_Airyscan_4y_12";5;"631.348704";4;3;3;"0.371342222";"0.356043431";"0.491340702";1;1;1;"2212.06712";"1066.392523";"8.133389975";"2204.129695";"1063.392629";"7.057406095";"2215.99499";"1061.6002";"6.30761523"
"NPC_wt_rep1_Probes_Zfp_10kb_Airyscan_4y_12";5;"631.348704";4;3;3;"0.324938428";"0.883254449";"0.742235198";3;2;2;"2048.676768";"949.8063973";"31.1627385";"2053.171648";"953.9954023";"29.64444444";"2044.212565";"952.3272251";"25.02617801"
"NPC_wt_rep1_Probes_Zfp_10kb_Airyscan_4y_12";7;"325.134656";2;1;0;"NaN";"NaN";"NaN";NA;NA;NA;"NaN";"NaN";"NaN";"NaN";"NaN";"NaN";"NaN";"NaN";"NaN"
"NPC_wt_rep1_Probes_Zfp_10kb_Airyscan_4y_12";8;"91.631008";0;0;0;"NaN";"NaN";"NaN";NA;NA;NA;"NaN";"NaN";"NaN";"NaN";"NaN";"NaN";"NaN";"NaN";"NaN"
"NPC_wt_rep1_Probes_Zfp_10kb_Airyscan_4y_12";9;"289.954112";1;1;1;"2.67919465";"3.660973681";"3.66698228";1;1;1;"2480.632424";"68.64606742";"12.92455859";"2435.865755";"115.3449347";"17.8853325";"2513.465338";"123.512565";"31.6347487"
"NPC_wt_rep1_Probes_Zfp_10kb_Airyscan_4y_12";10;"701.798496";4;6;5;"0.306118756";"0.601812983";"0.774876484";1;2;2;"2447.903553";"2426.522117";"15.52646846";"2443.051236";"2421.116335";"16.2145871";"2454.007441";"2423.429445";"11.69811321"
"NPC_wt_rep1_Probes_Zfp_10kb_Airyscan_4y_12";11;"316.605632";3;2;1;"1.198452199";"0.732560506";"1.15742763";2;2;1;"2647.576445";"608.2615216";"27.65398683";"2661.393262";"633.2481953";"30.24819526";"2647.03873";"621.1891137";"23.95080251"
"NPC_wt_rep1_Probes_Zfp_10kb_Airyscan_4y_12";12;"101.48544";1;1;1;"0.418170332";"0.809319991";"0.464994869";1;1;1;"2859.365226";"23.90946502";"20.90020576";"2852.483751";"26.24347363";"18.75279702";"2851.969813";"34.8090011";"16.51207464"
"NPC_wt_rep1_Probes_Zfp_10kb_Airyscan_4y_12";14;"1179.971744";3;4;4;"3.321476392";"3.445630964";"0.820088843";1;2;3;"383.0198735";"2519.448058";"36.0063234";"333.5670125";"2457.785128";"28.73757026";"347.8121878";"2450.888112";"25.01398601"
"NPC_wt_rep1_Probes_Zfp_10kb_Airyscan_4y_12";15;"124.254144";1;2;2;"0.822991941";"0.449426789";"0.540458973";1;1;1;"703.7663578";"2879.462073";"30.93456862";"717.1057214";"2875.705224";"26.58955224";"705.5661874";"2881.289043";"27.80912246"
"NPC_wt_rep1_Probes_Zfp_10kb_Airyscan_4y_12";17;"371.407456";1;1;2;"6.538950396";"6.617339848";"0.174773628";1;1;2;"680.5349322";"692.801877";"35.03336809";"830.6388889";"644.2916667";"22.78014905";"831.4414079";"640.0115942";"22.88240166"
"NPC_wt_rep1_Probes_Zfp_10kb_Airyscan_4y_12";18;"127.010912";2;0;1;"NaN";"NaN";"NaN";NA;NA;NA;"NaN";"NaN";"NaN";"NaN";"NaN";"NaN";"NaN";"NaN";"NaN"
"NPC_wt_rep1_Probes_Zfp_10kb_Airyscan_4y_12";19;"328.396992";2;0;2;"NaN";"NaN";"NaN";NA;NA;NA;"NaN";"NaN";"NaN";"NaN";"NaN";"NaN";"NaN";"NaN";"NaN"
"NPC_wt_rep1_Probes_Zfp_10kb_Airyscan_4y_12";21;"54.628";1;0;1;"NaN";"NaN";"NaN";NA;NA;NA;"NaN";"NaN";"NaN";"NaN";"NaN";"NaN";"NaN";"NaN";"NaN"
"NPC_wt_rep1_Probes_Zfp_10kb_Airyscan_4y_12";22;"51.026528";0;1;0;"NaN";"NaN";"NaN";NA;NA;NA;"NaN";"NaN";"NaN";"NaN";"NaN";"NaN";"NaN";"NaN";"NaN"
